S.No.,Name,CMP Rs.,P/E,Mar Cap Rs.Cr.,Qtr Sales Var %,Qtr Profit Var %,QoQ Sales %,QoQ Profits %,Prom. Hold. %,DII Hold %,FII Hold %,Exp Qtr Sales Var %,RSI Rs.,MACD Signal Rs.,Change in Prom Hold %,ROCE,SYMBOL
1.,Addictive Learn,217.75,140.26,346.43,,,,,66.07,,,,35.91,-21.20,,552.49,LAWSIKHO
2.,Swadeshi Polytex,124.85,5.13,486.92,448.24,480.58,35.80,40.38,68.08,0.06,0.00,478.51,50.64,2.97,0.00,481.94,503816
3.,Kore Digital,1251.05,,440.37,822.22,307.84,320.50,65.08,71.38,0.00,0.00,,57.65,34.94,0.00,85.88,KDL
4.,Kalyani Cast-Tec,437.00,39.03,313.79,,,,,69.83,1.04,2.87,,41.97,-19.23,,83.21,544023
5.,Newjaisa Tecch,94.75,45.11,304.94,,,,,69.35,,,,42.02,-8.81,,82.71,NEWJAISA
6.,Ovobel Foods,216.55,6.62,227.39,-7.06,-95.70,10.72,-95.28,68.71,0.01,0.00,10.60,44.81,-5.43,-1.42,80.85,530741
7.,Vasa Denticity,509.35,107.34,815.79,,,,,69.62,1.69,0.00,,50.76,-22.21,0.00,80.11,DENTALKART
8.,Digikore Studios,577.00,83.62,365.40,,,,,66.55,7.89,2.79,,62.97,9.82,,75.72,DIGIKORE
9.,Platinum Industr,180.05,26.31,988.92,-6.15,-11.23,0.51,-12.94,71.00,5.07,6.17,,,-8.02,-25.87,74.76,PLATIND
10.,Kody Technolab,1000.00,200.43,637.38,,,,,73.01,0.00,0.00,,50.69,-3.26,,72.87,KODYTECH
11.,Remus Pharma.,5891.45,70.90,867.81,,,18.29,76.30,69.61,0.71,2.38,,49.56,-248.82,1.24,68.75,REMUS
12.,Cons. Finvest,234.35,2.27,758.46,316.47,-0.10,5.18,-0.70,74.89,0.02,2.53,12368.24,40.36,-9.66,0.00,65.96,CONSOFINVT
13.,Macfos,466.00,,411.73,,,15.57,21.95,73.66,0.09,0.21,,55.71,1.91,0.01,58.06,543787
14.,Delaplex,228.75,26.35,208.39,,,,,73.66,,,,36.99,-20.28,,55.26,DELAPLEX
15.,Nicco Parks,145.85,33.43,682.58,-2.66,-39.00,5.21,-11.43,68.44,0.00,0.00,21.86,51.89,-2.07,0.01,55.11,526721
16.,Baroda Rayon,171.35,20.23,392.59,20.05,-98.67,41.03,13.02,67.53,1.02,0.01,,40.79,-4.07,0.00,55.11,500270
17.,Global Education,240.55,14.09,489.77,52.06,79.19,-24.20,-30.26,70.94,0.00,0.14,48.95,45.19,-12.88,-2.22,54.26,GLOBAL
18.,Zeal Global Serv,201.15,26.53,267.73,,,67.52,-16.88,73.40,0.00,0.00,,41.85,-5.80,-26.60,53.21,ZEAL
19.,Hi-Green Carbon,180.15,38.25,450.19,,,-2.37,-21.12,71.83,0.27,6.40,,52.08,-7.49,0.00,52.65,HIGREEN
20.,Vinsys IT Servic,291.85,28.54,428.38,,,,,68.13,2.19,5.48,,59.03,1.19,-24.60,52.46,VINSYS
21.,Sigma Solve,383.20,24.09,393.83,11.69,88.89,-0.37,12.78,73.22,0.00,0.00,,38.31,-15.82,0.00,52.04,SIGMA
22.,PNGS Gargi FJ,539.50,69.54,519.43,83.49,167.80,64.63,88.10,73.00,0.00,0.00,63.73,46.38,-20.52,0.00,46.15,543709
23.,Avonmore Capital,93.95,17.69,219.40,61.84,14.36,30.01,37.27,69.17,0.01,0.01,15.96,42.75,-3.35,0.05,45.41,AVONMORE
24.,SKP Bearing,237.85,29.78,394.83,,,5.76,37.21,73.49,1.34,0.00,,44.20,-9.42,0.00,45.40,SKP
25.,Lords Chloro,124.30,,312.61,-21.73,-124.96,20.86,-162.30,74.66,0.04,0.00,-29.99,47.07,-4.07,-0.06,44.17,LORDSCHLO
26.,Concord Control,635.25,40.95,380.01,,,31.99,82.93,70.21,1.96,0.00,,43.62,-51.38,-3.32,42.92,543619
27.,Automotive Stamp,587.90,58.53,932.41,12.09,132.35,1.97,18.80,75.00,0.01,0.00,4.67,49.21,12.47,0.00,41.30,ASAL
28.,Systango Tech,325.75,26.89,477.84,,,-10.12,-15.47,71.96,1.68,0.22,,49.45,-1.22,0.00,41.18,SYSTANGO
29.,Sarthak Metals,207.85,15.49,284.54,-18.65,-77.09,-2.74,-68.60,69.61,0.00,0.69,-31.88,31.79,-16.03,0.00,41.00,SMLT
30.,Balaxi Pharma,508.70,16.05,525.70,-29.79,46.17,11.09,-5.82,71.22,0.02,17.45,-22.58,46.18,-7.12,0.00,38.52,BALAXI
31.,Crayons Advertis,174.05,28.07,425.20,,,-42.16,-49.10,73.50,0.00,5.30,,37.31,-10.45,0.00,38.41,CRAYONS
32.,Tips Films,662.25,,286.28,-1.43,-108.41,177.58,45.05,74.98,0.00,0.05,,44.27,-10.42,0.00,38.04,TIPSFILMS
33.,Anlon Tech,398.50,50.31,223.36,12.29,49.60,,,69.25,0.00,3.08,,59.96,38.14,0.00,37.58,ANLON
34.,ICE Make Refrig.,494.20,38.04,779.83,23.62,-54.40,7.21,-55.01,74.49,0.00,0.02,29.04,51.61,-23.08,0.00,36.94,ICEMAKE
35.,Paragon Fine,120.20,18.20,235.18,,,-15.94,-13.56,73.60,,,,43.55,-7.87,,36.49,PARAGON
36.,Likhitha Infra.,247.40,15.36,975.99,10.39,3.62,0.64,4.02,70.03,0.00,0.09,21.03,40.36,-4.68,0.00,36.15,LIKHITHA
37.,Gandhi Spl. Tube,742.55,17.13,902.35,12.28,38.18,-6.16,-0.30,73.53,0.00,1.49,2.06,46.19,-17.31,0.00,35.97,GANDHITUBE
38.,Infinium Pharma,230.40,33.79,320.63,,,,,73.05,0.00,0.00,,48.88,-1.83,0.00,35.88,INFINIUM
39.,CFF Fluid,436.60,61.43,850.24,,,87.54,170.05,73.30,0.00,0.07,,45.43,-14.58,0.01,34.34,543920
40.,Australian Prem,212.40,125.91,419.28,,,,,73.64,,,,47.11,-3.95,,33.35,APS
41.,Saakshi Medtech,233.50,33.30,412.27,,,,,73.63,6.46,3.00,,52.35,-3.17,0.00,33.26,SAAKSHI
42.,Nitta Gelatin,841.55,9.00,764.13,-3.78,-20.59,-3.94,-6.81,74.48,0.12,0.00,-2.29,35.37,-29.10,0.00,33.13,506532
43.,Prevest Denpro,363.25,26.31,436.01,11.00,1.39,3.34,-2.67,73.60,0.68,0.31,20.66,44.35,-11.35,0.00,32.25,543363
44.,Menon Bearings,116.90,23.07,655.11,-0.54,-27.87,-1.50,-11.27,70.18,0.00,0.54,-2.75,38.38,-5.49,0.00,32.10,MENONBE
45.,D P Wires,458.85,17.12,711.24,-26.79,-32.12,-7.72,-30.24,74.78,0.00,0.00,39.11,42.09,-16.24,0.03,31.98,DPWIRES
46.,EKI Energy,323.00,,889.02,-89.32,-165.99,-46.40,49.46,73.40,0.02,0.14,-82.29,24.36,-15.37,-0.01,31.92,543284
47.,Priti Internati.,170.55,21.77,227.74,-21.45,24.60,4.48,-8.04,66.85,0.75,0.00,44.16,40.79,-9.52,0.04,31.91,PRITI
48.,Chaman Metallics,86.20,10.81,208.04,,,-20.76,-12.84,73.60,0.00,0.00,,45.20,-3.50,0.00,31.62,CMNL
49.,Modern Threads,58.95,6.65,205.03,-9.30,-0.42,-3.58,15.64,65.10,11.76,0.00,-0.31,100.00,7.30,0.00,31.47,MODTHREAD
50.,Pyramid Technopl,148.85,18.07,547.54,6.36,-17.01,-2.74,-17.96,74.94,3.18,1.37,,37.77,-7.19,0.00,30.90,PYRAMID
51.,Wise Travel,180.85,42.22,430.64,,,,,69.76,,,,42.68,-7.38,,30.89,WTICAB
52.,Kay Cee,187.65,37.32,205.66,,,,,70.26,4.00,2.04,,30.76,-23.96,,30.64,KCEIL
53.,J.G.Chemicals,186.55,13.47,731.02,,,,,70.99,5.40,7.10,,,1.20,,30.36,JGCHEM
54.,Megatherm,270.00,36.31,508.70,,,,,72.71,,,,45.25,4.23,-26.21,30.13,MEGATHERM
55.,Aaron Industries,261.90,48.38,274.29,6.87,-3.23,4.43,0.00,73.06,0.00,0.00,15.27,48.26,-0.91,0.00,29.71,AARON
56.,Aurangabad Dist.,270.40,11.04,221.73,,,-15.33,-13.73,74.93,0.00,0.00,,48.77,-11.66,0.00,29.58,AURDIS
57.,U P Hotels,1346.00,26.55,726.84,12.87,31.41,91.31,1875.00,88.39,0.00,0.00,31.50,46.51,20.54,0.00,29.40,509960
58.,Kothari Petroche,123.10,11.73,724.40,-11.93,6.90,-22.67,-22.28,70.98,0.09,0.00,36.59,42.91,-5.40,0.00,29.34,KOTHARIPET
59.,Karnika Industri,284.60,42.67,352.89,,,,,73.39,,,,76.93,22.51,,29.29,KARNIKA
60.,Rajnandini Metal,11.60,17.53,320.72,18.33,13.86,-10.64,-40.62,65.27,0.00,0.04,28.27,41.26,-0.67,-7.97,29.22,RAJMET
61.,Chavda Infra Ltd,102.95,21.06,253.83,,,,,73.00,1.59,5.25,,45.54,-3.15,,28.39,CHAVDA
62.,Chemfab Alka.,660.00,23.92,938.96,2.85,-47.96,8.48,52.52,72.88,0.07,0.29,-6.74,63.89,42.81,-0.11,28.16,CHEMFAB
63.,Shish Industries,124.40,59.90,435.49,68.44,86.59,18.96,-15.93,66.82,0.00,0.00,28.33,57.13,2.09,0.34,28.16,540693
64.,G M Polyplast,180.45,32.47,242.88,,,11.70,112.97,73.54,0.00,0.42,,50.52,2.74,0.00,27.94,543239
65.,Gretex Corporate,411.55,,473.92,4453.12,2351.32,,,66.24,0.00,0.00,,64.87,-5.34,0.37,27.26,543324
66.,Chemcrux Enterp.,268.85,28.30,398.14,,,,,72.92,0.00,0.00,,38.29,-4.77,0.00,27.24,540395
67.,Krystal Integrat,710.75,25.83,993.06,,,,,69.96,4.70,9.94,,,-0.03,,27.20,KRYSTAL
68.,Suraj Products,400.85,14.88,456.97,58.12,33.03,8.57,1.37,73.70,0.02,0.00,50.01,37.39,-7.74,0.00,26.80,518075
69.,Frog Cellsat,162.15,19.11,250.29,16.78,-32.12,27.15,5.97,74.39,1.87,0.00,,50.13,-9.31,0.00,26.68,FROG
70.,Sealmatic India,662.35,49.38,599.43,,,12.46,18.74,72.38,3.35,0.00,,44.50,-14.89,0.00,26.61,543782
71.,Menon Pistons,92.50,18.85,471.75,-5.41,26.49,-4.27,25.20,74.37,0.00,0.04,-4.53,45.13,-2.25,0.00,25.95,531727
72.,Technvision Ven.,1489.70,122.13,935.53,59.89,325.76,19.50,249.22,74.32,0.00,0.00,31.86,98.97,130.46,0.00,25.81,501421
73.,Suraj,216.75,14.39,398.04,-0.30,80.79,9.62,68.87,75.00,0.00,0.00,-14.39,46.66,-1.08,0.00,25.76,531638
74.,Jagsonpal Pharma,286.95,30.83,755.76,-21.43,-49.17,-18.30,-46.99,68.48,0.82,0.53,-3.89,37.01,-11.19,-0.23,25.64,JAGSNPHARM
75.,Wealth First Por,617.00,22.02,657.41,77.07,148.40,10.47,-1.17,74.01,0.00,0.00,70.70,68.20,24.34,0.00,25.54,WEALTH
76.,Atmastco Ltd,139.35,27.10,344.68,,,,,68.43,,,,59.72,10.66,,25.42,ATMASTCO
77.,Pradeep Metals,228.05,20.96,393.84,0.86,-8.92,-3.24,22.58,73.48,0.00,0.00,-3.03,48.05,-0.76,0.00,24.99,513532
78.,Goyal Salt,153.95,77.84,275.57,,,,,72.61,5.82,4.69,,33.92,-9.63,,24.79,GOYALSALT
79.,Shree Ganesh Rem,678.50,37.08,814.66,27.19,10.34,-16.31,-26.72,69.33,0.00,0.00,45.12,49.01,-0.90,0.00,24.66,540737
80.,Vikram Thermo,143.85,18.52,451.08,16.64,95.15,-6.80,-21.94,65.94,0.00,0.00,18.81,53.15,-2.42,0.00,24.61,530477
81.,Semac Consul,2752.35,,844.97,-73.30,-2058.11,20.29,-337.76,72.61,0.00,0.04,5.04,47.32,5.50,0.00,24.58,SEMAC
82.,Rockingdeals Cir,392.35,144.18,222.03,,,-99.37,-100.00,65.01,,,,29.42,-38.12,,24.52,ROCKINGDCE
83.,Ruchira Papers,121.25,6.19,361.87,-21.67,-58.18,-6.75,-31.92,68.67,0.00,0.87,-15.94,43.27,-4.49,0.00,24.05,RUCHIRA
84.,Trident Techlabs,212.80,66.38,367.74,,,,,67.97,12.36,1.69,,47.21,4.72,-24.51,24.00,TECHLABS
85.,Dynamic Cables,380.55,24.66,837.74,21.12,13.25,25.28,47.74,74.45,0.08,0.08,7.90,41.60,-15.21,0.01,23.89,DYCL
86.,SBC Exports,20.15,52.65,639.68,0.15,21.89,54.33,32.71,65.91,0.00,0.03,12.48,39.29,-0.93,0.22,23.69,SBC
87.,RBZ Jewellers Lt,153.30,27.41,613.20,25.31,14.33,56.21,-19.95,75.00,3.03,4.33,,44.84,-5.39,-25.00,23.65,RBZJEWEL
88.,Dhunseri Invest.,1200.55,8.66,732.00,84.96,-101.62,20.14,-101.09,74.95,0.04,0.09,28.03,49.88,-34.04,0.00,23.34,DHUNINV
89.,Par Drugs & Che.,215.65,18.65,265.35,4.67,82.89,-7.30,-30.06,74.21,0.00,0.07,4.46,57.70,-0.46,0.00,22.99,PAR
90.,Talbros Engg.,571.20,16.00,289.97,-0.26,-38.33,5.77,0.00,72.38,0.02,0.00,-6.92,34.77,-24.86,0.00,22.75,538987
91.,Sheetal Cool,367.85,22.16,386.24,1.39,-26.45,-10.72,-8.56,65.59,0.37,0.04,-8.71,49.22,-0.43,0.00,22.70,SCPL
92.,Unihealth Consul,131.40,26.49,202.36,,,,,68.80,3.31,5.61,,43.00,-4.51,,22.45,UNIHEALTH
93.,ADC India,896.50,31.97,412.39,9.59,67.02,-12.92,-14.36,72.02,0.00,0.00,20.05,41.08,-24.04,0.00,21.80,523411
94.,Shankar Lal Ram.,108.05,116.95,691.16,10.84,96.69,22.50,27.96,73.51,0.00,0.00,-6.03,40.40,-1.02,0.00,21.78,542232
95.,MANGALAM SEEDS,298.85,21.41,328.14,128.63,61.18,210.24,73.00,74.84,0.00,0.00,96.93,53.18,1.45,0.00,21.73,539275
96.,N R Agarwal Inds,456.30,5.99,776.58,-11.74,62.93,-1.78,-16.87,73.97,0.01,0.39,-20.63,54.30,-8.32,0.00,21.55,NRAIL
97.,Medico Remedies,48.75,58.04,404.55,-23.37,-35.56,-29.72,-40.33,73.34,0.00,1.29,-7.81,12.14,-2.66,0.00,21.11,MEDICO
98.,RDB Rasayans,145.30,12.36,257.33,7.20,14.24,-0.98,26.30,69.83,0.00,0.00,-8.55,40.90,-1.95,0.00,21.02,533608
99.,Jindal Poly Inve,635.00,1.87,667.39,-99.09,102.06,-0.27,85.45,74.63,0.44,0.05,-22.08,36.36,-11.65,0.00,20.96,JPOLYINVST
100.,Arrow Greentech,400.10,18.85,603.67,-19.83,34.44,-14.46,-3.56,68.60,0.00,0.00,409.88,48.64,-8.20,0.00,20.88,ARROWGREEN
101.,Uma Exports,91.80,30.64,310.37,58.01,-83.31,51.08,315.15,72.54,0.00,0.01,26.31,60.23,2.58,0.00,20.78,UMAEXPORTS
102.,Sayaji Hotels,283.20,44.65,496.11,1.03,34.09,43.08,337.82,74.95,0.02,0.00,-15.16,33.68,-3.95,0.00,20.57,523710
103.,Emkay Taps & Cut,645.00,12.35,688.30,,,10.98,24.18,74.99,0.00,0.00,,49.15,-8.86,0.00,20.54,EMKAYTOOLS
104.,Mallcom (India),1038.00,18.90,647.71,-4.24,-35.08,-11.78,-25.36,73.70,0.09,0.11,2.07,65.87,-36.92,0.00,20.52,MALLCOM
105.,Alphalogic Tech.,85.66,89.79,401.36,159.27,27.17,13.99,-12.22,73.00,0.00,0.00,171.60,54.50,-0.17,0.00,20.31,542770
106.,P.E. Analytics,250.00,30.65,262.05,,,-0.86,-5.24,70.20,0.70,4.19,,47.90,-10.93,0.00,20.31,PROPEQUITY
107.,Bhatia Communic.,21.96,24.13,274.83,20.35,1.22,16.26,0.81,73.66,0.00,0.00,33.54,38.12,-0.62,0.00,20.12,540956
108.,Foce India,725.00,47.05,354.74,,,71.25,118.14,73.63,0.00,0.00,,37.86,-5.74,0.00,20.12,FOCE
109.,RRIL,24.27,32.08,294.19,-47.29,-52.54,-16.46,5.65,69.96,0.00,0.00,-7.86,34.76,-1.22,0.03,20.03,531307
110.,Shreeji Translog,28.81,11.89,201.33,35.12,124.36,0.94,7.36,72.70,0.00,0.71,35.85,31.18,-2.01,0.00,19.98,540738
111.,RBM Infracon,640.00,,540.22,10.61,1216.22,65.53,260.74,72.45,0.00,0.00,,54.13,-7.19,0.00,19.88,RBMINFRA
112.,Apollo Finvest,950.50,37.02,354.65,-47.97,1.21,19.74,28.06,70.73,0.04,0.38,-61.96,47.14,-7.60,0.00,19.86,512437
113.,Sh. Jagdamba Pol,578.00,16.67,506.21,8.71,105.42,-17.65,5.44,72.94,4.67,0.02,-7.47,40.15,-15.19,0.00,19.74,512453
114.,DHP India,710.20,8.20,213.06,-51.34,-111.69,-22.30,-101.69,73.42,0.00,0.00,-59.53,40.08,-15.72,0.00,19.65,531306
115.,Premier Polyfilm,186.90,21.30,391.53,-2.59,38.24,-9.34,-13.50,67.31,1.43,0.00,2.89,51.50,3.02,-0.14,19.57,PREMIERPOL
116.,Prithvi Exchange,242.90,19.90,200.38,51.72,214.81,1.74,11.26,71.95,0.00,0.00,40.33,74.94,6.54,0.00,19.53,531688
117.,Indian Toners,285.05,12.58,309.28,-6.55,-25.59,-6.83,11.90,69.25,0.03,0.00,8.55,43.69,-11.53,0.00,19.53,523586
118.,Kriti Nutrients,94.35,11.22,472.73,-24.75,83.10,24.98,45.54,66.68,0.00,0.00,-11.95,41.56,-4.04,0.02,19.50,KRITINUT
119.,Orbit Exports,152.70,12.17,412.65,-7.94,-23.00,-15.01,-47.62,66.22,0.00,0.00,0.87,32.13,-8.49,-0.02,19.48,ORBTEXP
120.,M K Proteins,10.85,,407.28,,,404.84,504.88,74.82,0.00,0.02,,26.79,-0.93,0.00,19.14,MKPL
121.,InfoBeans Tech.,380.90,51.50,925.53,-8.80,-40.53,-1.96,32.07,74.18,0.01,0.09,-5.36,30.09,-9.81,0.00,19.11,INFOBEAN
122.,RKEC Projects,101.45,16.81,243.38,19.91,7.41,159.57,1104.49,67.30,0.00,0.00,4.97,60.16,-0.85,-2.43,18.90,RKEC
123.,Vardhman Acrylic,55.15,27.43,443.21,-42.79,-45.84,-28.38,-9.39,74.97,0.00,0.13,-30.51,37.04,-2.63,0.00,18.89,VARDHACRLC
124.,Dharmaj Crop,235.55,17.84,796.10,22.11,6.18,-51.15,-74.64,70.40,0.00,4.35,11.75,51.73,-5.61,0.00,18.87,DHARMAJ
125.,Shreyas Shipping,260.10,,571.18,-37.56,-143.28,42.58,44.69,70.44,0.00,0.10,-48.93,48.34,-7.30,0.00,18.79,SHREYAS
126.,V-Marc India,92.85,15.61,211.57,,,32.07,-31.68,69.96,0.00,0.00,,34.60,-20.99,0.00,18.47,VMARCIND
127.,Virtuoso Optoel.,212.35,62.42,484.98,,,,,65.60,1.43,0.00,,38.57,-10.72,0.00,18.42,543597
128.,Pudumjee Paper,68.00,9.03,645.66,12.01,149.49,4.49,80.61,71.31,0.01,0.43,1.82,52.26,-0.84,0.00,18.38,PDMJEPAPER
129.,Birla Cable,238.05,21.02,714.15,-18.89,-54.94,-7.29,-29.43,66.36,0.01,0.00,13.81,38.30,-14.32,0.00,18.35,BIRLACABLE
130.,Zenotech Lab.,61.24,33.08,373.75,24.32,143.48,-5.12,18.73,68.84,0.01,0.00,11.85,37.31,-2.72,0.00,18.35,532039
131.,Udayshivakumar,50.70,13.45,280.66,173.36,344.85,14.65,21.73,65.94,0.00,0.49,134.47,43.04,-1.18,0.01,18.32,USK
132.,Vibhor Steel,266.05,23.94,504.50,,,,,73.48,4.26,4.74,,29.89,-41.26,,18.21,VSTL
133.,Morganite Crucib,1374.35,31.07,769.64,-3.59,13.05,-11.80,-19.74,75.00,0.02,0.00,1.95,38.43,-52.65,0.00,17.84,523160
134.,Rane Brake Lin.,751.45,15.74,580.86,7.12,10.36,3.94,5.53,70.93,3.67,0.34,8.77,49.92,-29.93,0.00,17.69,RBL
135.,Kothari Sugars,54.25,9.53,449.68,3.14,109.31,16.90,-85.33,73.53,0.83,0.66,13.63,45.71,-1.72,0.00,17.63,KOTARISUG
136.,Kings Infra,185.80,57.42,455.31,50.96,2.07,7.44,-33.03,68.78,0.00,0.00,63.21,48.08,-6.04,-2.91,17.62,530215
137.,Bharat Seats,144.50,18.63,453.73,14.05,16.21,-12.59,-18.70,74.59,0.11,0.00,6.66,42.43,-5.76,0.00,17.60,523229
138.,Sadhav,176.40,35.26,253.18,,,,,69.44,,,,63.09,7.06,,17.52,SADHAV
139.,Shree Vasu Logis,230.00,83.19,263.72,19.77,308.33,-3.60,-19.67,73.00,0.00,0.00,,48.06,-2.60,0.00,17.51,SVLL
140.,Pasupati Acrylon,38.50,31.71,343.15,-19.04,-13.59,27.30,194.49,65.87,0.21,0.53,-35.38,41.99,-1.29,0.00,17.48,PASUPTAC
141.,Jayant Infratech,217.70,44.96,211.31,,,32.59,0.85,71.44,0.00,0.00,,38.06,-12.43,0.00,17.41,543544
142.,Indo Amines,115.15,16.02,814.08,-8.18,-7.59,-23.36,-19.36,66.76,0.00,0.10,0.60,34.96,-9.98,-0.11,17.35,INDOAMIN
143.,Ascom Leasing &,236.00,54.53,276.45,,,1.13,1.59,73.98,0.00,0.00,,55.30,-23.26,0.00,17.34,ASCOM
144.,Goldstar Power,14.90,86.42,358.65,,,85.17,19.58,72.91,0.00,0.00,,44.58,-0.04,0.00,17.33,GOLDSTAR
145.,Jay Jalaram Tech,345.10,156.78,384.10,,,62.67,-61.99,73.05,0.00,0.00,,43.66,-22.86,0.00,17.32,KORE
146.,TPL Plastech,63.05,27.94,491.81,20.09,16.67,5.41,38.03,74.86,0.08,0.00,16.05,53.14,-1.77,0.00,17.21,TPLPLASTEH
147.,Essen Speciality,174.45,28.01,361.10,,,,,70.07,2.30,0.79,,36.94,-6.81,0.02,17.14,ESFL
148.,Donear Inds.,100.25,19.07,521.30,-1.76,-38.47,21.41,45.62,74.56,0.00,0.00,0.95,48.14,-1.33,0.00,16.95,DONEAR
149.,Mitsu Chem Plast,158.25,21.82,203.55,2.55,75.69,-3.05,112.00,67.75,0.00,0.00,4.37,41.18,-4.55,-5.28,16.83,540078
150.,Rama Phosphates,167.65,,296.57,-44.12,-466.26,-32.24,-4538.81,75.00,0.03,0.01,-14.86,32.79,-8.70,0.00,16.82,RAMAPHO
151.,Konstelec Engg.,166.65,35.49,251.64,,,,,66.77,,,,36.37,-16.03,-24.88,16.81,KONSTELEC
152.,NDR Auto Compon.,775.85,24.90,922.69,32.67,50.35,-11.01,-17.25,73.06,0.00,0.01,66.01,45.36,1.07,0.00,16.62,NDRAUTO
153.,Captain Pipes,16.20,59.23,239.29,-5.02,-6.42,21.11,-1.92,73.78,0.00,0.00,,43.20,-0.82,0.00,16.56,538817
154.,Espire Hospi,168.45,119.06,227.41,113.41,790.00,135.80,345.00,74.07,0.00,0.00,315.36,42.32,-11.18,0.00,16.53,532016
155.,Iris Clothings,74.95,55.78,611.37,15.38,151.90,-26.99,-45.63,70.94,0.00,0.00,8.93,43.61,-1.78,0.00,16.38,IRISDOREME
156.,Plaza Wires,86.00,50.10,376.27,,,4.40,-67.74,69.83,2.12,2.20,,39.13,-4.22,,16.31,PLAZACABLE
157.,Dhatre Udyog,218.50,22.76,238.07,28.05,191.94,39.59,88.54,89.60,0.00,0.00,426.77,57.34,-6.97,-0.41,16.30,540080
158.,B&B Triplewall,264.35,26.79,542.21,7.11,-4.49,-4.36,-21.44,71.43,0.00,0.00,5.25,46.22,-0.71,0.00,16.24,BBTCL
159.,Rudrabhish. Ent.,180.70,23.63,313.38,6.66,3.83,23.03,10.71,68.64,0.00,0.00,16.39,38.51,-4.62,0.00,16.17,REPL
160.,Amines & Plast.,163.65,25.41,900.40,9.11,100.81,11.35,8.69,73.17,0.00,0.00,9.61,41.84,-8.33,0.00,16.10,AMNPLST
161.,National Plastic,414.45,31.30,251.99,17.82,24.38,-11.51,-9.13,65.64,0.00,0.15,29.07,50.37,20.81,0.09,16.00,531287
162.,Manaksia,102.75,6.21,673.53,-47.35,-30.17,-23.37,-27.35,74.93,0.00,1.73,-24.73,35.20,-5.27,0.00,15.98,MANAKSIA
163.,Arihant Capital,58.40,12.72,608.02,116.57,173.60,29.82,33.36,70.18,0.00,0.06,53.46,41.53,-3.98,-1.46,15.89,ARIHANTCAP
164.,GRM Overseas,123.95,16.69,743.70,8.05,-19.15,115.86,95.86,71.72,0.00,0.08,-3.15,26.90,-14.58,0.00,15.69,GRMOVER
165.,Narmada Gelatine,354.25,14.23,214.31,-8.72,-39.36,13.20,28.09,77.65,0.01,0.00,1.23,39.13,-13.87,0.00,15.66,526739
166.,Uday Jewellery,149.90,30.74,330.11,22.34,15.14,28.65,4.71,73.76,0.00,0.00,9.17,30.39,-10.25,0.00,15.63,539518
167.,Krishna Defence,350.65,68.54,431.09,,,-20.11,-28.14,73.38,0.00,0.00,,46.43,-6.81,0.00,15.62,KRISHNADEF
168.,KN Agri Resource,135.40,12.51,338.49,,,,,73.66,2.61,2.35,,51.92,-3.07,0.00,15.61,KNAGRI
169.,Intl. Conveyors,81.70,8.07,517.81,-49.11,190.38,-47.26,-15.68,69.18,0.00,0.01,-27.93,45.12,-4.05,-1.47,15.55,INTLCONV
170.,Empire Inds.,942.70,14.90,565.62,-11.13,24.63,-0.44,26.80,72.55,6.38,0.00,-8.88,44.67,-27.86,0.00,15.54,509525
171.,Silver Touch,642.05,57.66,814.18,16.34,128.11,3.61,37.12,74.51,0.00,0.00,18.67,37.23,-13.40,-0.08,15.54,SILVERTUC
172.,Ritco Logistics,217.85,17.10,533.22,22.79,38.64,1.82,5.16,73.04,0.00,0.03,20.81,40.06,-7.42,0.00,15.47,RITCO
173.,Khaitan Chemical,68.30,,662.44,-40.39,-651.53,-34.10,-24618.18,74.99,0.00,0.11,-24.00,39.80,-2.35,0.00,15.43,KHAICHEM
174.,Remsons Ind,864.20,52.61,493.46,6.95,48.69,12.98,66.82,65.30,0.21,2.24,-2.12,39.80,7.23,-9.70,15.42,REMSONSIND
175.,Chemcon Special.,252.95,34.63,926.57,-30.72,-60.92,-29.54,-25.25,74.46,0.28,0.05,-4.09,40.80,-3.87,0.00,15.39,CHEMCON
176.,Dev Information,101.00,26.39,223.55,16.09,-36.09,13.56,3.01,71.31,0.00,0.00,62.09,26.23,-10.28,3.83,15.22,DEVIT
177.,Sukhjit Starch,460.50,13.60,719.39,4.26,20.00,12.50,40.65,66.24,0.22,0.02,0.02,47.09,-10.16,0.01,15.15,SUKHJITS
178.,Hitech Corp.,204.40,16.58,351.07,6.80,-5.60,-9.89,-50.87,74.43,0.00,0.00,-4.17,39.03,-9.43,0.00,15.00,HITECHCORP
179.,RIR Power Electr,838.05,107.02,583.28,4.62,-40.43,-11.44,-28.66,70.50,0.02,0.00,18.88,47.66,-16.30,-1.01,14.92,517035
180.,Wonder Electric.,595.20,87.84,797.62,36.91,187.50,109.59,3090.00,71.79,0.00,11.07,15.34,76.89,40.53,0.00,14.88,WEL
181.,Sika Interplant,1431.80,41.93,607.08,77.47,115.00,42.39,-5.59,71.72,0.00,2.60,53.82,48.32,-53.00,0.00,14.78,523606
182.,Indo US Bio-Tech,188.25,38.44,377.48,42.65,168.61,39.85,120.36,70.17,0.00,0.00,,29.52,-6.58,0.00,14.61,541304
183.,Vishal Fabrics,19.73,15.42,389.88,4.12,-34.75,29.85,76.40,68.99,0.00,3.73,-10.04,38.47,-0.78,0.00,14.60,VISHAL
184.,Sahyadri Industr,359.30,14.68,393.30,9.71,-32.98,12.13,-16.36,71.12,0.01,0.00,16.12,40.55,-13.55,0.00,14.37,SAHYADRI
185.,Hindcon Chemical,45.00,40.06,230.36,-49.55,-28.57,-30.94,14.77,68.52,0.00,0.00,-15.74,27.47,-1.38,0.18,14.34,HINDCON
186.,Northern Spirits,194.20,28.01,311.71,107.97,2478.57,,,66.97,0.00,0.00,,41.55,-21.17,0.00,14.25,542628
187.,Voith Paper,1887.70,21.41,828.70,7.55,37.05,-12.81,-0.62,74.04,0.37,0.00,10.28,41.37,-46.41,0.00,14.23,522122
188.,GPT Infraproject,158.90,18.20,924.35,26.60,115.31,8.62,6.80,75.00,3.67,0.59,25.69,44.12,-5.44,0.00,14.19,GPTINFRA
189.,Cool Caps,458.00,98.59,529.45,30.96,14.67,-30.97,139.87,73.95,0.00,0.00,,54.64,-5.19,0.42,14.16,COOLCAPS
190.,Khazanchi Jewell,307.20,103.57,760.22,,,,,73.68,1.54,0.00,,44.66,-1.67,-26.32,14.07,543953
191.,Shreeoswal Seeds,35.40,,323.80,-11.41,-300.00,17.07,-618.75,69.98,0.00,0.00,12.67,40.03,-1.95,0.00,14.02,OSWALSEEDS
192.,Alpex Solar,268.85,173.61,657.97,,,,,68.76,,,,34.43,-17.72,,13.98,ALPEXSOLAR
193.,CWD,680.00,114.22,245.58,,,,,72.29,0.00,0.00,,37.99,-56.84,0.00,13.91,543378
194.,QMS Medical,123.40,24.39,220.27,70.24,-2.79,23.04,-4.69,73.67,0.00,1.02,,40.24,-5.86,0.00,13.84,QMSMEDI
195.,Delton Cables,366.70,102.87,316.83,62.02,78.98,22.03,12.31,73.58,0.02,0.00,49.75,38.47,-10.09,0.00,13.80,504240
196.,Kanoria Energy,29.99,34.38,255.79,11.16,-66.12,16.41,25.22,73.95,0.00,0.00,20.11,47.37,-0.85,0.00,13.65,539620
197.,Nitin Castings,590.95,28.91,303.83,-3.52,25.00,-15.98,-5.96,71.39,0.00,0.00,6.61,51.91,13.82,0.00,13.50,508875
198.,Jayant Agro Org.,227.30,13.71,681.90,-18.32,109.23,-20.59,-41.53,67.12,0.02,0.16,-19.44,50.21,-7.24,0.00,13.25,JAYAGROGN
199.,Madhav Infra,10.73,12.41,289.26,-36.84,21.69,-10.03,-41.96,68.98,0.00,0.00,7.48,48.05,-0.50,-0.02,13.22,539894
200.,SRG Housing,273.10,18.54,355.03,39.64,48.60,5.03,1.14,67.83,0.72,0.01,31.74,50.93,-2.36,0.00,13.10,SRGHFL
201.,Arfin India,52.99,97.47,842.14,-4.02,-16.39,-13.99,14.37,74.09,0.00,2.56,0.05,46.97,0.67,-0.02,13.00,539151
202.,Sandesh,1170.05,6.92,885.73,-8.40,74.06,25.93,122.44,74.81,0.00,0.00,-14.25,43.18,-34.80,0.00,12.86,SANDESH
203.,Pritika Auto,32.60,42.07,519.52,-8.98,6.07,-24.41,-16.21,65.80,0.00,4.09,9.97,39.34,-2.76,17.25,12.82,PRITIKAUTO
204.,Upsurge Seeds,306.00,29.59,216.03,,,36.93,-41.99,71.15,0.00,0.00,,33.64,-18.02,0.00,12.76,USASEEDS
205.,Jagatjit Inds.,167.50,63.39,781.61,23.41,-84.24,7.23,-73.95,88.03,0.01,0.00,11.93,39.05,-9.71,0.00,12.71,507155
206.,Cheviot Company,1299.00,11.46,781.59,-16.37,40.55,-21.60,-8.94,74.83,0.15,0.27,-19.73,43.83,-31.06,0.00,12.70,CHEVIOT
207.,Synergy Green,339.85,40.90,480.21,30.10,462.50,22.61,-18.69,74.02,0.76,3.23,21.48,52.98,-9.25,0.00,12.47,SGIL
208.,Dhabriya Poly.,275.35,22.13,298.05,29.53,48.00,-4.81,-7.24,67.75,0.63,0.00,29.11,45.94,-18.63,0.00,12.46,538715
209.,Rudra Global,43.02,23.94,431.68,26.29,30.22,6.81,-76.58,72.88,0.00,0.00,31.93,47.66,1.97,0.00,12.45,539226
210.,Neelamalai Agro,3832.00,11.35,238.37,27.01,66.78,-9.21,-44.50,72.45,0.68,0.00,6.65,50.52,-6.29,0.00,12.44,508670
211.,Sadbhav Infra.,6.60,1.28,232.47,10.31,40.04,26.63,58.48,70.34,0.66,0.06,-16.65,38.99,0.24,0.00,12.28,SADBHIN
212.,AGS Transact,68.85,,841.71,-10.03,-223.63,-0.74,74.75,65.52,3.85,0.44,-5.49,28.97,-7.18,0.00,12.16,AGSTRA
213.,Solex Energy,853.15,175.01,682.52,,,-34.07,-76.97,70.65,0.00,0.00,,61.04,26.36,0.00,11.99,SOLEX
214.,Inspirisys Sol.,110.30,34.93,436.97,42.09,-18.22,-33.98,906.82,69.95,0.00,0.13,46.02,56.52,4.42,0.00,11.96,INSPIRISYS
215.,HP Adhesives,97.70,48.05,897.62,-0.76,43.53,-12.54,-0.57,71.35,3.72,0.71,4.47,38.57,-3.42,0.00,11.96,HPAL
216.,Bright Outdoor,481.15,,670.18,27.97,131.92,-25.56,43.57,69.76,0.00,6.74,,50.61,-10.30,-2.96,11.88,543831
217.,Bajaj Healthcare,303.45,29.06,837.47,-18.10,-67.04,7.27,36.42,67.73,0.48,0.74,-23.16,40.27,-7.26,0.04,11.87,BAJAJHCARE
218.,Airan,23.90,30.37,298.80,-3.98,-13.79,-6.79,-12.89,72.37,0.00,0.00,4.01,40.33,-1.43,-0.01,11.84,AIRAN
219.,Bella Casa Fashi,296.05,39.97,339.72,12.83,7.73,-9.69,-3.09,68.06,0.00,0.00,-0.03,66.33,9.44,0.00,11.74,539399
220.,Sh.Pushkar Chem.,169.80,14.60,537.01,13.65,49.02,-5.71,-9.70,68.60,0.75,1.35,3.33,40.56,-7.10,0.00,11.55,SHREEPUSHK
221.,Captain Polyplas,51.51,17.98,259.50,15.31,82.28,17.45,31.53,68.08,0.00,0.00,53.49,49.29,1.05,1.59,11.30,536974
222.,Bharat Parenter.,1150.25,43.27,664.23,1.36,47.37,0.02,49.79,73.84,0.01,0.00,41.91,52.39,60.81,0.00,11.30,541096
223.,Paul Merchants,915.40,5.23,282.31,21.67,39.51,13.66,17.62,74.65,0.00,0.00,12.05,40.21,-91.65,0.00,11.28,539113
224.,Bambino Agro Ind,330.90,26.94,265.05,2.14,-31.64,-27.68,-74.84,74.96,0.00,0.00,12.63,46.41,-15.16,0.00,11.27,519295
225.,Pavna Industries,504.20,48.55,614.16,-10.61,12.99,4.86,-20.00,70.44,0.00,0.00,,45.16,5.34,0.00,11.21,PAVNAIND
226.,Delphi World,233.70,15.38,260.06,-0.79,38.59,0.66,-14.36,75.00,0.00,0.00,19.35,41.14,-10.15,-14.55,11.17,DELPHIFX
227.,Zodiac Energy,364.95,77.85,534.05,88.06,158.77,36.36,99.32,72.86,0.00,0.00,39.15,53.79,21.93,0.00,11.16,ZODIAC
228.,Veljan Denison,3418.00,44.58,769.05,17.57,64.40,1.48,22.92,74.98,0.00,0.00,6.26,84.93,71.12,0.00,11.09,505232
229.,Purv Flexi,231.00,87.18,484.70,,,,,67.29,,,,,-7.15,-32.71,10.96,PURVFLEXI
230.,Eastern Logica,188.00,67.13,321.56,,,28.78,18.72,73.59,0.00,0.00,,39.78,-13.03,0.00,10.92,543746
231.,Chembond Chem.,494.30,13.91,664.75,3.60,63.52,2.30,-12.12,67.55,0.98,1.10,13.17,51.78,-12.79,0.01,10.89,CHEMBOND
232.,Multibase India,246.60,25.57,311.21,-7.36,47.59,-3.20,37.31,75.00,0.00,0.33,-6.38,47.97,0.30,0.00,10.88,526169
233.,Tara Chand Infra,177.20,21.30,250.65,20.31,10.56,5.09,24.54,73.34,0.00,0.00,18.10,56.94,-1.76,-1.05,10.72,TARACHAND
234.,Adit.Birla Money,95.45,12.29,539.38,51.48,73.54,5.13,27.10,73.53,0.00,0.00,34.75,35.80,-5.06,0.00,10.70,BIRLAMONEY
235.,Apex Frozen Food,203.10,58.02,634.69,-35.75,-61.68,-38.43,-64.39,72.62,0.00,0.03,-15.97,41.28,-9.13,0.00,10.65,APEX
236.,Naga Dhunseri,2199.85,5.95,219.99,204.06,-41.76,37.07,-49.34,73.58,0.44,0.00,341.17,40.42,-87.03,0.00,10.64,NDGL
237.,MMP Industries,262.85,23.41,667.71,10.33,41.97,11.74,91.22,74.48,0.47,5.96,2.89,53.53,-0.55,0.00,10.50,MMP
238.,Emami Paper,118.50,15.64,716.93,-12.64,2692.20,13.02,140.06,74.97,3.81,0.50,-14.66,41.63,-3.32,0.00,10.44,EMAMIPAP
239.,Swaraj Suiting,181.00,29.19,276.41,,,-18.10,37.94,68.91,0.00,0.00,,58.25,9.53,-4.40,10.30,SWARAJ
240.,Zuari Agro Chem.,180.45,2.46,758.94,-40.44,-80.62,-48.85,-57.14,65.28,1.00,1.58,79.73,42.13,-11.85,0.00,10.24,ZUARI
241.,Mangalam Global,20.15,17.73,290.52,-5.53,7.11,21.60,1528.00,74.99,0.05,0.00,30.09,46.91,-0.21,0.00,10.20,MGEL
242.,Sakthi Finance,50.22,21.71,324.95,6.64,36.71,1.93,15.20,67.02,0.00,0.00,6.75,18.63,-5.02,0.00,10.01,511066
243.,Radix Industries,145.50,106.51,218.35,-15.73,45.65,-17.19,48.89,74.96,0.00,0.00,55.93,46.29,3.40,0.00,9.96,531412
244.,South West Pinn.,107.65,36.76,300.37,19.47,251.96,81.13,270.10,74.68,0.00,0.08,5.76,34.89,-12.91,0.00,9.96,SOUTHWEST
245.,Kilitch Drugs,366.60,47.39,589.58,6.07,1.75,-22.84,-65.82,69.23,0.00,0.00,19.63,46.72,-12.68,0.00,9.88,KILITCH
246.,Competent Auto,461.25,10.51,283.67,29.30,18.03,42.04,61.59,74.92,0.00,0.00,27.55,51.36,-1.45,0.00,9.82,531041
247.,Sreeleathers,289.05,23.24,669.30,22.88,7.02,-3.52,-21.42,75.00,0.00,6.90,17.44,38.36,-13.27,0.00,9.80,SREEL
248.,A-1 Acid,347.50,281.43,399.63,-49.96,10.53,-16.21,625.00,70.03,0.00,2.90,-41.13,44.16,-4.11,0.00,9.79,542012
249.,Manaksia Coated,29.05,21.66,215.75,7.88,1828.57,-1.89,101.49,69.19,0.00,0.00,16.40,37.15,-0.97,1.76,9.74,MANAKCOAT
250.,Crown Lifters,200.65,36.65,208.88,43.00,311.76,38.36,33.33,75.00,0.00,0.00,15.42,77.92,9.48,0.00,9.73,CROWN
251.,Black Rose Indus,129.70,38.15,661.47,-3.98,1914.81,11.64,-9.93,75.00,0.00,0.00,-16.33,32.04,-3.05,0.00,9.70,514183
252.,Hind.Adhesive,392.45,14.69,200.93,-7.44,521.30,-13.28,17.57,68.48,0.00,0.00,-18.44,53.30,0.26,0.00,9.61,514428
253.,T B Z,105.80,13.18,706.01,-8.76,4.33,54.19,137.96,74.12,0.00,1.82,-3.91,39.93,-5.95,0.00,9.30,TBZ
254.,Artemis Electri.,31.73,63.67,796.54,-32.67,-43.62,2.95,3.79,72.46,0.00,0.00,238.05,37.91,-3.15,0.04,9.26,542670
255.,Lagnam Spintex,113.75,22.86,200.98,71.33,1084.62,33.53,258.14,68.50,0.00,0.00,30.42,48.62,0.33,0.00,8.99,LAGNAM
256.,Global Surfaces,222.15,67.59,941.51,-1.04,-33.06,-0.40,1.49,73.36,0.45,2.34,-9.91,33.67,-11.42,0.00,8.99,GSLSU
257.,United Van Der,324.90,77.29,200.95,35.75,140.54,-0.66,169.70,72.06,0.02,0.00,47.66,65.72,8.12,1.62,8.88,522091
258.,PTL Enterprises,40.00,25.88,529.51,0.00,-11.24,0.00,-47.78,69.82,0.91,0.08,0.44,36.74,-1.60,0.00,8.83,PTL
259.,A.K.Capital Serv,958.70,7.33,632.74,25.20,-9.75,5.94,0.81,71.50,0.00,0.00,28.91,50.81,-8.84,0.00,8.77,530499
260.,Yamuna Syndicate,24550.00,6.42,754.58,2.91,-6.15,4.69,3.11,74.87,0.01,0.00,-5.89,38.35,-567.17,0.00,8.72,540980
261.,Munjal Auto Inds,78.80,23.19,788.00,-11.45,1254.18,-22.49,-257.03,74.81,0.03,0.02,6.22,40.15,-4.29,0.00,8.71,MUNJALAU
262.,Jindal Photo,567.85,2.63,582.61,1333.33,111.43,-4.44,96.53,74.20,0.02,0.00,66687.22,39.10,-15.84,0.00,8.70,JINDALPHOT
263.,Bhagyanagar Ind,84.10,5.48,269.08,-22.14,-5.80,-1.42,9.96,73.76,0.00,0.00,2.93,39.64,-3.60,-0.65,8.68,BHAGYANGR
264.,Z F Steering,814.00,15.54,738.30,3.87,169.13,-4.88,-7.60,67.18,0.02,0.00,11.42,38.40,-20.36,0.00,8.66,505163
265.,Asi Industries,25.51,9.97,229.78,3.79,21.79,155.62,713.41,72.51,0.00,0.00,1.31,36.56,-1.46,0.00,8.56,502015
266.,Proventus Agro,1001.00,93.05,343.10,,,,,70.84,0.00,0.00,,46.91,-17.95,0.00,8.52,PROV
267.,Davangere Sugar,79.20,45.86,745.15,-17.32,143.91,190.90,478.35,74.35,0.00,0.00,21.18,38.35,-3.47,-0.10,8.41,DAVANGERE
268.,Lehar Footwears,127.15,30.33,213.82,0.28,-5.50,-35.74,-49.01,71.81,0.00,0.00,32.81,42.03,-2.51,0.82,8.37,532829
269.,Indag Rubber,142.70,18.73,374.59,3.11,6.43,-2.87,-26.91,73.34,0.00,1.21,15.67,49.85,-2.23,0.00,8.34,509162
270.,ABM Knowledge,101.70,16.70,203.42,8.09,-19.12,-8.87,-24.12,66.93,0.00,0.34,4.36,36.08,-4.22,0.00,8.33,531161
271.,Softsol India,260.10,17.49,384.00,-11.64,-56.93,-3.63,0.68,73.47,0.00,0.00,-16.22,39.65,-0.45,0.00,8.25,532344
272.,Gokul Refoils,38.35,16.05,379.65,48.01,-40.59,-12.92,142.98,73.01,0.00,0.23,10.91,36.06,-3.61,1.21,8.17,GOKUL
273.,Nahar Indl. Ent.,118.00,63.65,509.83,-19.51,-47.29,5.82,158.87,71.24,0.46,0.15,-22.84,38.09,-4.06,0.00,7.99,NAHARINDUS
274.,Eimco Elecon(I),1507.70,24.62,869.94,26.67,54.40,-5.61,-36.02,74.06,0.00,0.00,46.51,59.68,-2.29,0.00,7.96,EIMCOELECO
275.,Batliboi,139.80,40.61,406.06,12.14,-51.58,11.69,52.07,74.06,0.00,0.00,14.69,60.10,7.78,0.00,7.94,522004
276.,Kapston Services,243.55,23.05,247.06,27.39,71.34,6.75,-37.88,72.87,0.00,0.00,29.15,49.22,-4.57,0.00,7.91,KAPSTON
277.,Vardhman Hold.,2861.00,4.56,912.66,72.54,61.93,-74.46,-13.45,74.90,0.97,0.03,1095.36,38.45,-90.78,0.00,7.66,VHL
278.,Eco Recyc.,470.40,74.96,907.72,104.10,46.34,5.21,-6.37,73.35,0.00,0.90,57.57,50.65,4.58,0.00,7.63,530643
279.,Mirza Internatio,46.00,48.31,635.73,9.09,14.88,-32.12,9.73,71.77,0.00,0.47,0.04,40.52,-1.56,0.01,7.57,MIRZAINT
280.,Vasu Bhagnani,133.20,170.79,466.25,197.35,331.82,38.11,63.79,73.09,0.00,0.00,123.73,91.04,9.54,0.00,7.44,532011
281.,Uravi T & Wedge,339.05,305.70,372.96,36.29,15.15,8.57,-34.48,72.73,0.00,0.00,,63.67,-1.49,0.00,7.43,URAVI
282.,Indl.& Prud.Inv.,4900.00,16.16,821.16,-42.25,18.92,2.50,-23.85,68.17,0.07,0.00,-13.20,42.18,-31.80,0.00,7.37,501298
283.,Stovec Inds.,2434.65,56.29,508.84,-4.86,141.57,21.68,603.51,71.06,0.05,0.00,-9.84,42.39,-13.83,0.00,7.34,504959
284.,Starteck Fin.,257.60,16.07,255.29,9.32,22.77,-40.06,-62.94,72.55,0.00,0.01,48.76,29.70,-6.36,0.86,7.13,STARTECK
285.,Bimetal Bearings,576.15,25.39,220.67,1.89,-62.67,-6.73,-67.98,74.88,0.00,0.00,4.04,52.14,-5.00,0.00,6.88,505681
286.,Emk.Global Fin.,107.35,17.68,265.06,38.44,40.07,6.61,32.25,74.49,0.00,0.76,14.27,36.28,-7.09,0.00,6.88,EMKAY
287.,AYM Syntex,88.95,398.56,450.37,-4.53,55.56,-0.59,81.38,73.59,0.15,0.09,-13.93,53.40,1.05,0.00,6.84,AYMSYNTEX
288.,Enkei Wheels,552.05,84.81,992.30,34.65,114.94,-3.15,-64.54,74.97,0.00,0.02,11.67,50.32,-9.81,0.00,6.75,533477
289.,Vijay Solvex,829.30,,265.59,-9.36,-1125.86,7.87,-3405.56,68.19,0.00,0.00,-21.28,48.60,-18.35,0.54,6.67,531069
290.,Gloster Ltd,815.50,35.65,892.42,-13.43,-82.49,-15.69,-67.41,72.63,14.61,0.00,-9.48,34.91,-7.23,0.00,6.62,542351
291.,Vipul Organics,171.75,86.96,223.48,34.22,900.00,2.44,-19.19,66.76,0.00,0.26,3.43,42.86,-5.52,0.32,6.55,530627
292.,MBL Infrast,51.70,,541.58,-17.18,15.47,56.06,16.23,68.25,0.00,0.01,20.65,60.63,-1.25,-0.02,6.40,MBLINFRA
293.,Manaksia Steels,58.65,13.17,384.36,-14.29,22.18,-19.68,-46.08,74.75,0.00,0.88,7.69,38.19,-4.89,0.00,6.37,MANAKSTEEL
294.,United Drilling,240.70,54.66,488.70,28.40,17.48,-1.68,10.00,74.65,0.00,0.35,-7.87,41.44,-11.92,0.00,6.07,UNIDT
295.,Nahar Capital,284.95,25.71,477.01,-36.71,-103.03,-49.74,-102.88,71.54,0.02,0.31,-1.47,43.54,-5.41,0.00,6.05,NAHARCAP
296.,Country Club Hos,12.50,12.24,204.33,-19.51,44.44,0.63,18.52,73.80,0.00,0.49,-15.93,28.59,-0.77,0.00,6.02,CCHHL
297.,Elgi Rubber Co,50.55,,253.26,-8.69,-125.30,-6.52,-118.81,65.03,1.46,0.00,-5.70,42.41,-2.18,0.00,5.85,ELGIRUBCO
298.,Ruby Mills,187.55,15.89,627.17,-4.69,63.09,6.42,11.12,74.90,0.00,0.00,-2.87,31.87,-9.78,0.00,5.67,RUBYMILLS
299.,Shahlon Silk,28.24,90.39,252.19,-27.65,-35.29,-21.71,-42.74,72.04,0.00,5.04,0.09,62.66,0.19,0.00,5.62,542862
300.,Nahar Poly,187.20,52.66,460.29,-3.77,-456.16,12.12,-142.69,71.08,0.01,0.07,-19.18,40.11,-6.36,0.03,5.33,NAHARPOLY
301.,Mafatlal Inds.,118.80,11.00,849.45,43.64,1093.71,36.15,-18.44,70.16,1.70,0.85,24.51,40.92,-6.67,-0.58,5.25,500264
302.,Shemaroo Entert.,150.80,,410.57,4.26,-3502.27,-21.61,-658.35,65.88,0.14,0.00,43.73,45.88,-8.29,0.00,5.25,SHEMAROO
303.,RDB Realty,123.90,13.45,214.10,-49.58,-39.01,-28.59,-25.32,70.42,0.00,0.00,39.06,30.32,0.09,0.00,5.04,533285
304.,Euro India Fresh,130.55,123.57,323.76,-9.69,260.00,11.97,31.71,73.50,0.00,0.00,-8.85,43.15,-2.44,0.00,5.03,EIFFL
305.,Compucom Soft.,26.20,27.28,207.31,144.24,94.23,-23.03,-71.08,70.87,0.01,0.03,134.16,45.88,-1.21,-0.50,4.97,COMPUSOFT
306.,Naperol Invest.,861.70,13.98,495.22,4.93,857.89,-9.95,-59.28,70.76,0.01,0.00,43.54,17.48,-31.94,0.00,4.88,500298
307.,Sejal Glass,362.00,36.09,365.62,304.54,158.97,19.04,-6.42,78.96,0.00,0.00,,62.90,17.08,-11.04,4.87,SEJALLTD
308.,Kanpur Plastipa.,98.80,41.59,212.09,29.81,-50.45,2.81,-398.23,66.74,0.00,0.00,-8.64,41.08,-4.05,0.00,4.77,KANPRPLA
309.,Sar Auto Prod.,2079.55,1100.94,990.85,113.16,104.17,9.04,16.67,67.91,4.63,0.00,75.04,48.63,40.65,-0.46,4.73,538992
310.,Murudesh.Ceramic,46.45,40.30,267.99,16.40,10.88,11.66,35.83,73.94,0.00,0.00,27.71,40.15,-1.55,1.29,4.66,MURUDCERA
311.,Alpine Housing,163.55,76.36,283.30,41.20,15.38,-8.77,-12.79,73.86,0.21,0.00,49.55,50.53,-5.79,0.00,4.64,526519
312.,Munjal Showa,166.65,18.03,666.52,-1.37,126.77,5.59,461.04,65.02,0.03,1.27,-4.68,47.84,-4.81,0.00,4.63,MUNJALSHOW
313.,Saraswati Commer,5333.40,8.57,549.30,227.45,296.67,40.29,40.00,72.32,0.00,0.00,227.61,46.49,676.49,0.00,4.60,512020
314.,Majestic Auto,284.15,9.20,295.52,24.03,596.19,-62.20,-67.07,75.00,0.03,0.02,117.31,38.22,-9.85,0.00,4.58,500267
315.,Ucal,151.75,,335.52,-6.05,-462.50,7.34,41.61,70.28,0.01,0.00,-7.38,48.96,-4.22,0.00,4.55,UCAL
316.,The Invest.Trust,141.05,26.08,736.88,0.39,2513.04,-12.65,-40.27,72.12,0.00,6.55,-6.48,57.26,-3.61,0.00,4.54,THEINVEST
317.,Equippp Social,29.05,,299.49,-48.33,-400.00,,66.67,89.10,0.00,0.00,,54.73,-0.50,-7.57,4.46,EQUIPPP
318.,U. Y. Fincorp,25.44,7.93,483.97,96.58,108.41,12.75,-90.80,71.38,0.00,0.00,79.56,40.71,-0.82,0.51,4.45,530579
319.,Welspun Investme,791.75,53.92,288.99,55.56,,-96.37,-98.25,74.58,0.01,0.00,1926.94,54.46,13.04,0.00,4.36,WELINV
320.,Laxmi Goldorna,307.45,,641.71,46.71,630.16,26.41,40.79,74.97,0.00,0.00,,59.14,32.06,0.00,4.36,LGHL
321.,Panchmahal Steel,148.20,176.73,282.77,-11.40,94.72,-13.94,-145.07,74.90,3.93,0.00,-7.57,50.67,-0.06,0.00,4.30,513511
322.,Graviss Hospital,47.26,62.29,333.27,7.00,47.81,70.49,276.09,74.92,0.00,0.00,-3.71,52.67,-1.39,0.00,4.10,509546
323.,Loyal Textile,575.60,,277.44,-28.41,87.81,-17.53,84.57,73.49,0.08,0.00,-31.03,47.79,-22.59,0.00,4.08,LOYALTEX
324.,Forbes & Co,499.30,14.38,644.10,18.73,345.12,3.10,169.29,73.85,0.10,11.58,-7.80,62.98,21.48,0.00,4.06,502865
325.,Bhageria Indust.,152.30,38.11,664.70,19.52,123.06,9.18,193.99,71.75,0.00,0.00,-10.69,37.67,-4.26,0.00,4.04,BHAGERIA
326.,Ruchi Infrastr.,10.55,43.24,232.63,-18.78,133.50,-5.65,-92.72,67.10,0.00,9.05,-11.64,33.27,-0.53,-0.19,4.01,RUCHINFRA
327.,Veer Global Inf.,154.00,274.89,250.15,-37.02,-55.56,9.46,-14.29,72.35,0.00,0.00,,54.41,1.61,1.84,4.01,543241
328.,Hind.Composites,396.90,16.31,586.18,3.26,18.97,-0.04,-35.01,74.97,0.01,0.03,9.84,39.58,-8.74,0.00,3.84,HINDCOMPOS
329.,VTM,74.89,17.13,301.26,3.45,307.96,8.44,-8.53,75.00,0.00,0.00,-5.38,62.69,0.12,0.00,3.83,532893
330.,Asian Hotels (E),142.40,20.43,246.23,24.20,-65.14,54.86,-77.71,65.63,0.22,0.17,16.75,39.36,-3.31,0.00,3.79,AHLEAST
331.,Sintercom India,130.00,365.16,357.86,9.45,,6.20,53.85,69.75,0.00,0.00,2.58,56.93,0.02,0.00,3.65,SINTERCOM
332.,Riddhi Siddhi Gl,528.00,11.08,376.45,518.25,-13.00,647.49,-34.45,74.54,0.01,0.00,281.90,40.13,-13.84,0.00,3.38,524480
333.,Kiran Vyapar,190.90,11.66,520.86,41.11,-36.34,182.74,59.69,74.96,0.00,0.00,263.83,65.47,0.91,0.00,3.32,537750
334.,Shivam Autotech,38.35,,468.72,17.16,-28.68,3.18,3.89,74.80,0.01,0.00,0.17,45.58,-1.36,0.00,3.23,SHIVAMAUTO
335.,Modi Naturals,209.85,,274.80,-8.42,-42000.00,13.73,-651.32,69.09,0.06,0.00,-12.67,31.91,-13.22,1.59,3.20,519003
336.,Quest Capital,327.25,16.91,327.25,47.31,62.07,-1.44,3.30,75.00,0.00,3.17,-4.53,45.97,-4.29,0.00,3.19,500069
337.,Raj Television,52.00,204.51,269.95,137.19,-91.67,68.61,-2400.00,71.23,0.00,0.00,101.30,35.29,-3.06,-0.19,3.03,RAJTV
338.,Refex Renewables,473.70,,212.69,18.31,-102.85,-0.05,-0.86,75.00,0.00,0.00,71.01,45.42,-2.38,0.00,2.78,531260
339.,GeeCee Vent.,264.90,67.31,553.95,69.38,331.46,58.98,106.98,67.71,0.00,0.01,0.72,47.64,-3.35,0.00,2.64,GEECEE
340.,Mercantile Vent.,21.23,94.99,237.60,29.35,-91.64,6.19,-1294.74,72.75,0.00,0.00,32.51,33.89,-1.11,0.00,2.54,538942
341.,Robust Hotels,188.20,,325.43,11.63,-96.63,14.18,762.07,65.63,0.22,0.18,46.31,41.57,8.34,0.00,2.39,RHL
342.,Caspian Corporat,59.33,68.78,250.37,12409.52,940.00,29.92,139.08,74.96,0.00,0.00,14378.18,70.96,3.54,0.00,2.30,534732
343.,STEL Holdings,333.95,47.49,616.47,-18.92,-33.33,-92.81,-96.66,65.64,0.20,0.04,9.24,55.03,4.08,0.96,2.11,STEL
344.,Surat Trade,10.24,29.34,227.39,20.95,58.28,-8.25,40.22,68.45,0.00,0.00,,42.97,-0.32,0.00,2.02,530185
345.,Oricon Enterpris,35.40,46.41,555.95,-7.19,62.30,29.22,-84.96,66.97,1.59,0.00,-10.92,46.15,-1.55,0.00,1.95,ORICONENT
346.,Kothari Products,120.80,20.00,360.51,-30.73,72.48,-14.99,1922.73,74.99,0.00,0.00,-34.38,37.08,-7.39,0.00,1.86,KOTHARIPRO
347.,Ravinder Heights,41.35,50.35,253.27,7.14,-341.18,-6.25,-195.35,74.81,0.00,0.04,112999.35,38.02,-2.26,0.00,1.70,RVHL
348.,PPAP Automotive,183.20,,256.48,-3.74,27.25,-17.55,-594.44,65.01,0.00,5.70,4.31,31.82,-10.40,0.00,1.58,PPAP
349.,Goodricke Group,169.35,,365.80,-6.51,-10786.96,18.68,-175.10,74.00,0.00,0.00,-8.11,35.35,-6.05,0.00,1.49,500166
350.,MIC Electronics,41.85,191.16,926.75,395.67,21280.68,24.82,609.68,74.62,0.00,0.00,142.81,49.34,-0.17,0.00,1.41,MICEL
351.,Music Broadcast,16.95,188.41,585.94,10.55,-37.16,15.26,594.59,74.05,0.00,0.04,12.51,35.52,-1.05,0.00,1.35,RADIOCITY
352.,Cineline India,120.80,,413.94,64.75,134.32,-8.72,-67.59,69.60,0.47,0.00,139.24,47.00,-4.99,2.60,1.32,CINELINE
353.,Kanoria Chem.,107.75,,470.87,-11.24,-540.16,-7.89,25.78,74.40,0.10,0.07,4.24,35.79,-4.97,0.00,1.27,KANORICHEM
354.,Uniphos Enter.,135.80,23.78,944.49,,95.52,,-100.08,73.78,0.00,15.74,,40.40,-2.78,0.00,1.24,UNIENTER
355.,Mac Charles(I),420.30,,550.59,22.34,-239.94,-46.44,-78.68,75.00,0.02,0.00,-7.54,39.33,-11.59,0.00,1.17,507836
356.,Maral Overseas,66.15,,274.59,-4.31,116.99,-7.09,146.29,74.95,0.00,0.09,-8.98,39.48,-3.83,0.00,0.95,MARALOVER
357.,Marsons,36.18,139.54,506.52,-64.48,-74.58,-63.89,-66.67,66.72,0.00,0.00,989.66,99.08,3.32,0.00,0.85,517467
358.,Deep Energy,178.20,,570.24,-91.49,-180.00,21.05,61.64,67.99,0.00,1.68,2226.91,49.18,-2.23,0.00,0.76,DEEPENR
359.,Indo National,582.10,100.83,436.58,12.82,407.14,-1.85,92.11,65.35,0.00,0.00,12.12,40.67,-23.34,0.00,0.73,NIPPOBATRY
360.,Shardul Sec.,194.35,4.42,340.11,1018.94,995.45,97.86,130.95,74.84,0.00,0.00,1778.72,43.17,-1.44,0.00,0.66,512393
361.,GKW,1412.75,47.04,843.41,71.69,114.38,-11.84,-9.59,75.00,1.26,3.10,1418.07,34.21,-45.66,0.00,0.57,GKWLIMITED
362.,Scooters India,54.95,,479.56,,-118.91,,32.74,93.87,3.88,0.00,,27.58,-3.35,0.00,0.44,505141
363.,Newtime Infra.,37.55,,639.65,19.43,-100.00,39.33,100.00,70.02,0.00,2.89,,26.35,0.15,-1.89,0.44,531959
364.,NBI Indl. Fin.,1799.25,63.24,442.04,61.67,1033.33,27.63,112.50,74.34,0.90,0.00,384.84,45.99,-11.21,0.00,0.35,NBIFIN
365.,Shree Rama News.,15.75,,232.35,-0.82,-564.86,45.93,19.41,74.76,1.57,0.06,12.72,37.56,-0.89,0.00,0.31,RAMANEWS
366.,Bombay Oxygen,17450.25,5.60,261.75,213.04,190.20,58.64,47.30,73.29,0.06,0.00,206.41,40.61,-263.85,0.00,0.23,509470
367.,Available Fin.,203.05,1.66,207.11,-6.67,79.67,0.00,212.74,66.32,0.00,0.00,-13.00,39.21,-2.89,4.51,0.05,531310
368.,Tantia Constr.,33.80,56.76,523.90,-50.09,116.90,151.24,600.00,94.97,0.00,0.00,6.97,30.74,0.27,36.38,-0.05,TCLCONS
369.,DIC India,431.85,357.11,396.39,-11.44,-144.95,-5.33,48.08,71.75,0.00,0.00,,38.21,-11.64,0.00,-0.07,DICIND
370.,Surana Telecom,15.40,,209.07,-14.74,-18.63,2.08,31.75,74.40,0.04,0.04,-9.09,39.34,-0.43,-0.55,-0.15,SURANAT&amp;P
371.,Bartronics India,16.95,,516.26,-33.90,93.67,5.06,44088.00,90.00,0.22,0.00,-17.13,13.03,-1.47,0.00,-0.19,ASMS
372.,Hexa Tradex,150.70,9.45,832.62,663.36,898.64,946.23,1783.97,92.13,0.01,0.05,57104.38,44.06,-1.05,0.00,-0.23,HEXATRADEX
373.,Ginni Filaments,32.50,,278.36,1.26,-36.83,-3.95,-28.52,69.72,0.00,0.07,-12.76,43.98,-1.62,0.00,-0.53,GINNIFILA
374.,Sundaram Brake,658.20,22.15,258.67,-2.85,210.49,-0.66,10.49,65.54,0.00,0.00,3.50,47.15,-4.72,0.00,-0.57,SUNDRMBRAK
375.,Atlantaa,24.90,,202.94,-37.81,-57.75,11.99,-99.23,71.96,0.00,0.00,-14.39,63.74,-0.39,0.03,-0.67,ATLANTAA
376.,Vaarad Ventures,13.65,,341.12,,0.00,,0.00,71.19,0.00,0.00,,45.53,-0.48,0.00,-0.88,532320
377.,Asahi Songwon,326.20,,384.50,8.82,86.14,7.15,-109.34,66.77,0.00,0.17,-12.28,54.29,0.91,0.04,-0.92,ASAHISONG
378.,GFL,71.90,,789.82,-11.90,,-9.76,-93.92,68.72,2.06,0.39,0.58,33.58,-4.34,0.00,-0.97,GFLLIMITED
379.,Waterbase,67.71,,280.50,4.63,-73.64,-14.75,-71.49,69.04,0.00,0.00,27.30,33.48,-3.36,0.00,-1.47,523660
380.,Dhunseri Tea,195.95,,205.89,26.61,-472.12,-19.23,-1054.17,68.90,2.03,0.00,16.12,38.05,-8.01,0.00,-2.10,DTIL
381.,Hindustan Media,92.15,60.13,678.88,0.76,-20.59,11.20,87.05,74.40,0.00,0.32,-2.44,40.20,-3.15,0.00,-2.59,HMVL
382.,Ashima,19.05,,365.11,35.97,1029.03,55.76,370.87,73.49,0.00,0.03,4.45,44.90,-0.55,0.00,-2.74,ASHIMASYN
383.,Bhilwara Tech,38.23,29.79,223.16,-13.37,121.95,-1.27,-89.73,71.27,0.14,0.00,-15.07,44.25,-1.18,0.00,-2.75,533108
384.,Anjani Portland,179.45,,527.13,10.56,57.76,16.37,61.15,75.00,0.09,0.04,-17.90,37.58,-8.47,0.00,-3.74,APCL
385.,H T Media,26.05,,606.31,0.58,40.02,12.41,73.42,69.51,0.05,0.25,-0.93,39.45,-1.44,0.00,-4.03,HTMEDIA
386.,DigiSpice Tech.,25.55,35.77,593.33,3.48,740.52,-2.18,1.16,73.00,0.00,0.00,-16.87,32.21,-1.75,-0.18,-4.13,DIGISPICE
387.,Zodiac Cloth. Co,109.15,,283.72,-20.75,61.53,13.21,75.11,71.40,0.00,0.00,-13.83,35.36,-4.75,0.00,-4.27,ZODIACLOTH
388.,Parsvnath Devl.,12.40,,539.62,223.40,89.83,83.10,77.98,66.30,0.01,0.16,79.75,40.46,-0.63,0.00,-4.78,PARSVNATH
389.,Hind.Urban Infra,2177.05,,314.12,-3.67,36.67,-6.77,7.10,74.94,0.31,0.00,-15.50,44.09,-24.88,0.00,-5.77,539984
390.,Kriti Industries,139.85,20.15,693.66,-5.21,74.95,62.23,217.13,66.35,0.00,0.15,27.07,49.02,-1.46,0.00,-6.07,KRITI
391.,Bharat Agri Fert,103.35,,546.26,24.21,-12.00,34.05,33.13,67.91,0.00,0.00,29.99,50.72,1.20,0.00,-6.14,531862
392.,Universus Photo,353.75,,387.24,-25.81,-147.75,-6.74,-44.07,74.55,0.00,0.00,-37.37,26.51,-10.44,0.00,-6.85,UNIVPHOTO
393.,Panacea Biotec,133.30,,816.47,30.64,18.20,5.23,73.46,73.59,0.69,0.26,19.66,33.62,-6.20,0.00,-10.26,PANACEABIO
394.,Sastasundar Ven.,298.70,,950.16,33.45,96.07,4.47,73.52,73.92,0.86,0.49,60.59,30.73,-23.62,0.00,-10.87,SASTASUNDR
395.,BGR Energy Sys.,39.60,,285.75,87.74,-1071.61,96.46,-545.31,75.00,0.26,0.01,37.59,26.28,-12.59,0.00,-11.36,BGRENERGY
396.,LGB Forge,9.85,,234.63,7.50,49.09,-2.88,-28.16,73.79,0.01,0.00,1.58,41.27,-0.76,0.00,-12.00,LGBFORGE
397.,Amal,360.15,,445.24,42.46,151.83,16.53,32.75,71.33,0.02,0.00,43.55,46.11,-5.65,0.00,-12.12,506597
398.,Kimia Bioscien.,53.77,,254.40,-9.24,43.64,8.02,20.08,74.94,0.38,0.00,-26.53,64.04,3.64,0.00,-12.45,530313
399.,Indo Thai Sec.,282.50,54.33,282.50,266.80,2559.09,9.18,24.65,72.18,0.00,0.00,155.62,34.84,-3.85,0.00,-13.16,INDOTHAI
400.,SEL Mfg. Co,72.90,,241.55,-91.72,17.53,-87.71,54.64,75.00,19.55,0.13,86.89,24.07,-2.52,0.00,-14.25,SELMC
401.,Andhra Cements,84.45,8.77,778.39,,63.10,50.30,-2062.24,95.00,0.34,0.00,,28.74,-8.02,0.00,-15.36,ACL
402.,Raghuvir Synth,115.40,118.93,447.18,134.94,128.23,10.23,67.53,74.91,0.00,3.59,278.05,36.89,-4.04,0.00,-15.47,514316
403.,Mangalam Industr,4.28,,464.61,128.95,0.00,33.85,123.73,70.15,0.00,0.00,223.23,35.62,-0.23,0.00,-15.49,537800
404.,Artson Engg.,147.50,,544.57,1.92,124.62,3.72,-84.74,75.00,0.01,0.00,-6.58,38.60,-1.94,0.00,-22.48,522134
405.,TIL,158.40,,603.74,8.65,6.16,-39.58,614.55,74.99,3.30,0.00,461.37,64.25,4.16,18.69,-35.14,TIL
406.,Lotus Chocolate,330.20,,423.98,183.27,34.62,30.34,29.17,72.07,0.01,0.01,89.69,50.59,-4.96,0.00,-40.56,523475
407.,Vintron Info.,27.74,,217.36,295.04,216.13,457.00,614.29,73.93,0.00,0.00,126.76,33.23,1.06,0.00,,517393
408.,Guj. State Fin.,27.10,,241.49,-93.10,6.14,-97.94,1.55,83.95,1.44,0.00,2044.46,51.83,-1.19,0.00,,532160
409.,Essar Shipping,20.75,,429.48,-82.12,-217.86,-39.01,-15.15,73.75,0.02,0.01,-30.44,31.65,-1.88,0.00,,ESSARSHPNG
410.,Indokem,105.00,,292.83,-2.61,-117.07,-0.20,97.00,68.71,0.20,0.00,,50.83,0.46,-2.22,,504092
411.,S T C,131.80,19.54,790.80,,60.54,,-22.38,90.00,0.62,0.00,,39.02,-8.44,0.00,,STCINDIA
412.,SAB Industries,195.60,4.54,297.51,,-1024.24,-66.62,-127.26,73.57,0.01,0.00,,45.60,11.11,0.00,,539112
413.,MKVentures Cap.,1588.30,29.75,610.46,-39.84,-45.56,-12.08,5.01,74.36,0.00,4.26,,46.43,37.04,0.00,,514238
414.,Vaidya Sane,196.00,62.82,206.06,,,-4.63,-43.81,66.34,0.00,0.00,,44.87,-3.18,0.00,,MADHAVBAUG
415.,Markolines Pavem,136.75,16.38,261.30,,,,,72.20,1.82,0.00,,47.12,-1.64,0.00,,543364
416.,Nupur Recyclers,82.95,70.12,569.37,45.25,-63.22,-0.81,-71.20,72.53,0.22,0.00,,56.98,-2.07,0.00,,NRL
417.,Kaka Industries,175.70,33.38,240.01,,,,,69.78,1.41,1.42,,44.40,-5.73,,,543939
418.,Shraddha Prime,152.50,21.86,308.06,,51950.00,249.64,372.85,75.00,0.00,0.00,,42.46,8.05,0.00,,531771
419.,Valiant Laborato,147.75,22.14,641.97,-42.74,-145.75,-31.96,-543.04,74.94,0.43,7.08,,34.04,-8.50,0.00,,VALIANTLAB
420.,Owais Metal,407.80,,741.48,,,,,73.01,,,,,7.42,-26.99,,OWAIS
