Name,BSE Code,NSE Code,Industry,Current Price,Price to Earning,Market Capitalization,High price,High price all time,Down from 52w high,Price200DMARatio,Price50DMARatio,Dividend yield,Net Profit latest quarter,YOY Quarterly profit growth,Sales latest quarter,YOY Quarterly sales growth,Return on capital employed,Return over 1month,Return over 1week
360 ONE,542772,360ONE,Finance & Investments,1011.20,39.81,36879.16,1215.80,1215.80,16.83,1.17,0.97,1.63,243.74,66.53,849.34,48.23,14.47,-8.63,-5.28
3M India,523395,3MINDIA,Diversified - Large,34329.85,68.35,38689.74,41000.00,41000.00,16.27,1.02,0.97,0.47,146.48,25.55,995.04,1.86,33.04,-1.63,-0.57
A B B,500002,ABB,Electric Equipment,7930.40,104.42,168051.82,9200.00,9200.00,13.80,1.14,1.01,0.30,443.49,49.63,2830.86,12.84,30.69,3.66,-2.50
Aadhar Hsg. Fin.,544176,AADHARHFC,Finance - Housing,435.50,24.96,18719.73,516.80,516.80,15.73,1.12,0.99,0.00,200.14,36.79,713.14,20.17,11.36,0.43,-10.82
Aarti Industries,524208,AARTIIND,Chemicals,551.15,41.28,19980.25,769.50,1060.84,28.38,0.87,0.90,0.18,137.00,95.71,1855.00,31.19,7.47,-10.68,-5.53
AAVAS Financiers,541988,AAVAS,Finance - Housing,1776.90,27.73,14062.67,1978.95,3340.00,10.21,1.06,1.00,0.00,126.10,14.94,542.39,16.19,9.91,-2.14,-2.36
Abbott India,500488,ABBOTINDIA,Pharmaceuticals - Multinational,28104.55,48.20,59722.17,30521.00,30521.00,7.92,1.04,0.98,1.46,328.01,13.01,1557.61,5.32,46.02,-5.26,-3.99
ACC,500410,ACC,Cement - North India,2433.75,22.66,45702.73,2844.00,2844.00,14.43,1.01,0.99,0.31,361.40,-22.47,5154.89,-0.89,17.27,0.58,-2.00
Action Const.Eq.,532762,ACE,Engineering,1321.50,45.64,15736.84,1695.00,1695.00,22.04,1.06,0.98,0.15,84.18,24.62,734.26,12.68,42.30,3.45,-6.86
Adani Energy Sol,539254,ADANIENSOL,Power Generation And Supply,962.75,106.60,115653.49,1348.00,4238.55,28.58,0.92,0.93,0.00,-1190.66,-29.88,5378.55,46.80,9.00,-4.44,-4.70
Adani Enterp.,512599,ADANIENT,Trading,3110.65,85.34,354614.45,3743.90,4190.00,16.91,1.03,1.01,0.04,1772.26,115.93,25472.40,12.49,9.87,3.16,-0.63
Adani Green,541450,ADANIGREEN,Power Generation And Supply,1801.20,211.87,285315.93,2174.10,3050.00,17.15,1.04,0.96,0.00,629.00,32.42,2835.00,31.13,9.81,-4.71,-9.12
Adani Ports,532921,ADANIPORTS,Miscellaneous,1413.70,30.61,305378.84,1621.40,1621.40,12.81,1.06,0.97,0.42,3107.23,52.80,7559.59,21.00,12.93,-3.54,-2.95
Adani Power,533096,ADANIPOWER,Power Generation And Supply,642.10,15.50,247654.05,896.75,896.75,28.40,1.05,0.96,0.00,3912.79,-55.33,14955.63,35.89,32.25,-0.27,-1.86
Adani Total Gas,542066,ATGL,Miscellaneous,763.40,121.84,83959.50,1259.90,4000.00,39.41,0.84,0.92,0.03,171.84,14.39,1145.49,8.47,21.20,-9.55,-2.60
Adani Wilmar,543458,AWL,Solvent Extraction,336.45,63.46,43727.69,410.50,878.35,18.04,0.94,0.95,0.00,323.55,941.70,13750.04,11.08,10.41,-8.20,-2.21
Aditya AMC,543374,ABSLAMC,Finance & Investments,716.75,24.85,20663.66,775.00,775.00,7.52,1.18,1.00,1.88,235.71,27.71,386.62,24.25,34.89,-3.97,-2.51
Aditya Bir. Fas.,535755,ABFRL,Textiles - Products,333.00,,35668.79,364.50,364.50,8.64,1.15,1.02,0.00,-214.92,-14.16,3427.82,7.25,0.25,5.61,-5.42
Aditya Birla Cap,540691,ABCAPITAL,Finance & Investments,227.83,17.23,59352.05,246.95,264.00,7.74,1.09,1.01,0.00,779.24,16.97,8832.43,25.37,9.95,1.87,-3.58
Aegis Logistics,500003,AEGISLOG,Trading,724.55,43.48,25431.71,970.00,970.00,25.30,1.11,0.93,0.90,158.06,13.54,1601.34,-23.76,14.74,-14.73,-1.94
Affle India,542752,AFFLE,Computers - Software - Medium / Small,1533.80,67.75,21523.06,1715.00,1715.00,10.57,1.15,1.00,0.00,86.59,30.86,519.50,27.77,16.25,-5.82,-4.01
AIA Engineering,532683,AIAENG,Castings & Forgings,4257.35,35.77,40155.48,4949.95,4949.95,13.99,1.06,0.98,0.38,259.40,-4.75,1019.97,-17.72,22.71,-2.36,-0.76
Ajanta Pharma,532331,AJANTPHARM,Pharmaceuticals - Indian - Formulations,3324.75,48.64,41530.15,3485.75,3485.75,4.62,1.33,1.09,1.08,245.77,18.09,1144.92,12.13,31.60,-0.16,-0.25
Alembic Pharma,533573,APLLTD,Pharmaceuticals - Indian - Bulk Drugs & Formln,1242.85,38.79,24429.85,1285.60,1285.60,3.33,1.24,1.09,0.89,134.54,11.56,1561.73,5.09,13.14,8.34,4.02
Alkem Lab,539523,ALKEM,Pharmaceuticals - Indian - Bulk Drugs & Formln,6194.15,34.56,74060.35,6440.00,6440.00,3.82,1.18,1.05,0.65,550.24,90.13,3031.82,2.16,19.68,-1.31,0.15
Alkyl Amines,506767,ALKYLAMINE,Chemicals,2290.00,79.13,11710.15,2735.00,4749.00,16.27,1.05,1.04,0.44,48.87,-1.81,399.69,-2.46,16.46,3.05,-0.29
Alok Industries,521070,ALOKINDS,Textiles - Processing,25.72,,12770.60,39.24,97.58,34.45,1.00,0.97,0.00,-206.87,8.52,1006.30,-28.88,-4.40,-8.60,1.46
Amara Raja Ener.,500008,ARE&M,Auto Ancillaries,1379.60,26.87,25250.18,1775.95,1775.95,22.32,1.13,0.96,0.72,244.55,23.11,3131.19,13.01,18.74,-4.69,-0.90
Amber Enterp.,540902,AMBER,Electronics - Components,4918.90,103.21,16607.44,5364.55,5364.55,8.31,1.24,1.09,0.00,74.72,58.57,2401.29,41.09,10.18,4.87,5.58
Ambuja Cements,500425,AMBUJACEM,Cement - North India,610.70,47.30,150422.95,706.95,706.95,13.61,1.02,0.97,0.33,789.63,-28.63,8311.48,-4.61,14.05,-3.35,-3.68
Anand Rathi Wea.,543415,ANANDRATHI,Finance & Investments,3910.45,66.80,16377.09,4299.95,4299.95,9.06,1.13,1.02,0.36,73.44,38.03,237.61,35.75,50.74,-0.47,0.91
Anant Raj,515055,ANANTRAJ,Construction,721.05,81.94,24652.03,749.05,749.05,3.74,1.59,1.16,0.10,91.01,81.56,471.83,49.24,8.56,15.46,-0.07
Angel One,543235,ANGELONE,Finance & Investments,2661.70,20.04,23995.49,3900.35,3900.35,31.76,1.06,1.07,1.30,292.73,32.56,1405.45,74.05,38.70,6.20,5.11
Apar Inds.,532259,APARINDS,Electric Equipment,9514.10,46.03,38216.54,10624.80,10624.80,10.45,1.24,1.04,0.54,202.54,2.59,4010.52,6.46,43.96,5.54,0.23
APL Apollo Tubes,533758,APLAPOLLO,Steel - Large,1609.30,61.01,44662.03,1789.00,1806.20,10.04,1.07,1.08,0.34,193.17,-0.23,4974.30,9.45,25.18,11.74,5.02
Apollo Hospitals,508869,APOLLOHOSP,Healthcare,6773.60,94.01,97393.98,7319.95,7319.95,7.46,1.08,0.99,0.24,315.50,83.19,5085.60,15.12,15.55,-2.32,-6.36
Apollo Tyres,500877,APOLLOTYRE,Tyres,511.55,19.14,32488.59,584.90,584.90,12.54,1.04,0.98,1.17,302.00,-18.51,6334.85,1.45,16.45,-0.09,-6.57
Aptus Value Hou.,543335,APTUS,Finance - Housing,359.50,28.01,17965.32,392.00,394.95,8.29,1.11,1.07,1.25,171.75,20.73,394.94,29.22,14.68,9.67,-1.36
Archean Chemical,543657,ACI,Chemicals,704.15,31.41,8689.00,838.20,838.20,15.99,1.04,0.98,0.43,48.46,-48.54,211.16,-38.45,25.75,-3.37,1.06
Asahi India Glas,515030,ASAHIINDIA,Glass & Glass Products,768.85,62.52,18690.74,833.95,833.95,7.81,1.22,1.10,0.26,76.69,-25.39,1132.66,4.05,14.97,12.36,1.02
Ashok Leyland,500477,ASHOKLEY,Automobiles - LCVs / HCVs,225.39,26.50,66184.13,264.70,264.70,14.85,1.05,0.93,2.20,550.65,-6.17,10724.49,10.66,15.01,-10.26,-5.91
Asian Paints,500820,ASIANPAINT,Paints / Varnishes,3072.50,58.02,294713.52,3422.95,3590.00,10.24,1.00,0.97,1.08,1186.79,-24.54,8969.73,-2.32,37.50,-5.12,-7.20
Aster DM Health.,540975,ASTERDM,Healthcare,412.45,109.53,20602.42,558.30,558.30,26.12,1.08,1.03,0.48,5152.20,633.41,1001.87,19.10,4.48,1.59,-0.75
Astral,532830,ASTRAL,Plastics Products,1893.15,93.26,50855.12,2454.00,2454.00,22.85,0.94,0.95,0.20,119.50,0.17,1383.60,7.83,23.16,-2.07,-5.57
Astrazeneca Phar,506820,ASTRAZEN,Pharmaceuticals - Multinational,7436.70,141.91,18591.75,8139.85,8139.85,8.64,1.22,1.07,0.32,-11.79,-34.98,387.52,31.15,31.13,7.94,3.49
Atul,500027,ATUL,Chemicals,7690.60,68.29,22642.48,8135.40,10975.40,5.47,1.10,1.01,0.26,112.07,9.63,1322.05,11.85,8.74,-3.75,0.32
AU Small Finance,540611,AUBANK,Banks - Private Sector,718.95,31.21,53456.61,813.40,813.40,11.61,1.08,1.04,0.14,502.57,29.90,3769.04,53.32,7.71,2.28,-1.66
Aurobindo Pharma,524804,AUROPHARMA,Pharmaceuticals - Indian - Bulk Drugs & Formln,1466.05,24.00,85901.53,1592.55,1592.55,7.94,1.17,1.00,0.31,918.22,50.47,7567.02,10.46,14.10,-4.40,-3.00
Avanti Feeds,512573,AVANTIFEED,Food - Processing - Indian,607.25,21.83,8273.52,793.00,1000.01,23.42,1.05,0.93,1.11,137.58,20.50,1506.27,-3.05,20.01,-9.79,-1.81
Avenue Super.,540376,DMART,Trading,4737.55,116.31,308288.04,5484.85,5900.00,13.62,1.02,0.93,0.00,773.68,17.45,14069.14,18.57,19.41,-10.75,-7.15
Axis Bank,532215,AXISBANK,Banks - Private Sector,1178.40,13.64,364509.10,1339.65,1339.65,12.04,1.03,0.98,0.08,6467.13,5.67,31158.52,18.72,7.06,-0.18,-7.44
B H E L,500103,BHEL,Electric Equipment,267.60,927.90,93180.02,335.40,390.66,20.21,1.05,0.95,0.09,-211.40,-3.27,5484.92,9.62,3.37,-2.18,-6.94
B P C L,500547,BPCL,Refineries,340.25,7.57,147617.65,376.00,376.00,9.51,1.13,1.00,6.17,2841.55,-72.40,113094.92,0.10,32.09,-5.67,-7.36
Bajaj Auto,532977,BAJAJ-AUTO,Automobiles - Scooters And 3 - Wheelers,11774.40,41.07,328809.08,12774.00,12774.00,7.83,1.29,1.07,0.68,1941.79,18.10,11932.07,15.71,33.53,8.46,-7.04
Bajaj Finance,500034,BAJFINANCE,Finance & Investments,7211.35,29.91,446379.91,8173.00,8192.00,11.77,1.02,0.99,0.50,3911.98,13.82,16098.67,28.81,11.93,-0.46,-7.02
Bajaj Finserv,532978,BAJAJFINSV,Finance & Investments,1884.55,36.07,300898.96,2029.90,2029.90,7.16,1.13,1.05,0.05,4209.28,10.04,31479.93,35.22,11.72,1.05,-6.27
Bajaj Holdings,500490,BAJAJHLDNG,Finance & Investments,10368.35,15.46,115389.37,11350.00,11350.00,8.65,1.16,1.02,1.26,1614.51,13.77,133.76,28.53,13.07,-4.84,-1.66
Balaji Amines,530999,BALAMINES,Chemicals,2247.80,37.27,7283.10,2736.35,5223.55,17.85,0.99,0.99,0.49,45.56,-17.90,384.75,-17.02,16.76,1.28,-1.62
Balkrishna Inds,502355,BALKRISIND,Tyres,2859.55,33.92,55280.02,3377.95,3377.95,15.35,1.02,0.95,0.56,489.99,47.64,2714.50,25.71,17.62,-3.31,-6.02
Balrampur Chini,500038,BALRAMCHIN,Sugar,660.70,25.10,13329.57,692.85,692.85,4.64,1.42,1.17,0.45,70.15,-4.57,1421.60,2.30,13.46,12.58,0.90
Bandhan Bank,541153,BANDHANBNK,Banks - Private Sector,186.86,11.70,30102.61,263.15,741.80,28.99,0.91,0.93,0.80,1063.46,47.49,5535.82,22.40,7.06,-8.25,-8.05
Bank of Baroda,532134,BANKBARODA,Banks - Public Sector,250.59,6.81,129589.16,299.70,299.70,16.39,1.02,1.01,3.03,4764.03,6.19,31143.01,11.21,6.33,2.76,0.40
Bank of India,532149,BANKINDIA,Banks - Public Sector,108.76,7.19,49514.82,158.00,589.00,31.16,0.91,0.94,2.57,1889.90,20.92,17045.63,18.03,5.69,-7.25,-1.81
Bank of Maha,532525,MAHABANK,Banks - Public Sector,57.65,9.11,40824.12,73.50,96.75,21.56,0.98,0.94,2.43,1295.09,46.56,5874.68,22.68,5.38,-5.80,-3.64
BASF India,500042,BASF,Chemicals,8182.95,53.58,35423.99,8323.00,8323.00,1.68,1.63,1.23,0.18,220.58,86.82,3966.90,17.55,24.99,22.45,12.63
Bata India,500043,BATAINDIA,Leather / Leather Products,1364.55,49.49,17538.23,1724.35,2262.00,20.87,0.93,0.95,0.88,174.06,62.84,944.63,-1.41,18.66,-5.03,-5.86
Bayer Crop Sci.,506285,BAYERCROP,Pesticides / Agrochemicals - Multinational,6641.05,44.80,29846.27,7196.85,7196.85,7.72,1.12,1.04,2.11,254.20,-22.62,1631.20,-6.23,33.91,3.05,5.39
BEML Ltd,500048,BEML,Engineering,3664.00,53.29,15256.90,5489.15,5489.15,33.25,1.01,0.93,0.56,-70.47,6.05,634.08,9.91,15.25,-9.73,-1.27
Berger Paints,509480,BERGEPAINT,Paints / Varnishes,576.95,57.64,67260.60,629.60,727.45,8.36,1.04,0.99,0.61,354.03,-0.22,3091.01,2.03,27.51,-3.12,-6.57
Bharat Dynamics,541143,BDL,Engineering,1108.35,70.28,40627.95,1794.70,1794.70,38.24,0.97,0.88,0.48,7.22,-82.74,191.17,-35.79,24.23,-15.54,-1.94
Bharat Electron,500049,BEL,Electronics - Components,277.20,47.83,202627.07,340.50,340.50,18.59,1.10,0.95,0.79,791.28,46.89,4243.57,20.11,34.61,-4.61,-5.54
Bharat Forge,500493,BHARATFORG,Castings & Forgings,1473.80,71.05,68618.45,1826.20,1826.20,19.30,1.04,0.94,0.61,174.58,22.78,4106.15,5.90,12.90,-8.40,-3.20
Bharti Airtel,532454,BHARTIARTL,Telecommunications - Service Provider,1640.90,82.29,982815.74,1779.00,1779.00,7.76,1.21,1.03,0.49,4717.50,-8.78,38506.40,2.85,13.13,6.06,-5.40
Bharti Hexacom,544162,BHARTIHEXA,Telecommunications - Service Provider,1407.00,110.11,70350.00,1568.00,1568.00,10.27,1.33,1.11,0.28,511.20,-0.80,1910.60,13.61,14.30,16.79,-6.46
Bikaji Foods,543653,BIKAJI,Food - Processing - Indian,901.00,78.59,22559.43,1007.95,1007.95,10.61,1.32,1.06,0.11,60.55,40.13,561.40,17.56,29.65,2.21,-6.05
Biocon,532523,BIOCON,Pharmaceuticals - Indian - Bulk Drugs & Formln,346.35,26.62,41582.78,395.80,487.75,12.49,1.08,0.96,0.14,861.80,532.42,3432.90,0.30,5.96,-9.53,-6.10
Birla Corpn.,500335,BIRLACORPN,Cement - North India,1242.75,24.62,9570.42,1802.00,1802.00,31.03,0.89,0.92,0.80,32.62,-45.37,2190.37,-9.00,9.01,-8.27,0.53
Birlasoft Ltd,532400,BSOFT,Computers - Software - Medium / Small,581.15,25.23,16057.22,861.85,861.85,32.57,0.90,0.92,1.12,150.21,9.21,1327.43,5.12,29.76,-11.89,-3.79
BLS Internat.,540073,BLS,Computers - Software - Medium / Small,354.50,40.74,14596.22,474.45,474.45,25.28,1.01,0.90,0.28,120.78,65.69,492.67,28.47,31.02,-22.08,-5.10
Blue Dart Expres,526612,BLUEDART,Couriers,8308.65,67.26,19716.43,9488.70,9640.00,12.44,1.11,1.02,0.30,53.42,-12.83,1342.71,8.50,19.22,2.79,2.57
Blue Star,500067,BLUESTARCO,Air-conditioners,2056.15,84.63,42277.48,2199.55,2199.55,6.52,1.36,1.12,0.34,168.76,102.47,2865.37,28.72,25.51,21.33,-2.99
Bombay Burmah,501425,BBTC,Auto Ancillaries,2761.45,17.30,19267.16,2975.00,2975.00,7.18,1.40,1.09,0.04,471.62,277.45,4333.43,6.04,28.31,2.48,-3.41
Bosch,500530,BOSCHLTD,Auto Ancillaries,36734.50,56.84,108343.41,38185.95,38185.95,3.80,1.21,1.07,1.02,465.50,13.81,4316.80,3.81,20.61,8.94,-3.27
Brigade Enterpr.,532929,BRIGADE,Construction,1370.00,73.55,33458.74,1453.10,1453.10,5.72,1.23,1.06,0.15,80.53,267.88,1077.72,64.80,12.66,5.22,-3.15
Britannia Inds.,500825,BRITANNIA,Food - Processing - MNC,6206.00,67.83,149482.86,6473.10,6473.10,4.13,1.14,1.04,1.18,504.88,14.84,4250.29,5.97,48.92,6.09,-1.00
BSE,,BSE,Miscellaneous,4108.15,93.34,55614.64,4235.00,4235.00,3.00,1.61,1.30,0.37,264.29,182.78,670.64,158.33,19.97,42.12,12.68
C D S L,,CDSL,Miscellaneous,1373.80,59.86,28712.42,1664.40,1664.40,17.46,1.23,1.00,0.69,134.16,82.36,257.39,71.96,40.18,-3.05,-6.10
C P C L,500110,CHENNPETRO,Refineries,943.20,5.61,14045.32,1275.00,1275.00,26.02,1.08,1.00,5.83,342.60,-37.52,17094.98,15.94,35.44,-3.19,2.45
C.E. Info System,543425,MAPMYINDIA,Computers - Software - Medium / Small,2153.80,85.19,11717.42,2747.85,2747.85,21.62,1.06,1.01,0.16,35.86,11.94,101.49,13.51,26.15,6.05,-0.40
Campus Activewe.,543523,CAMPUS,Leather / Leather Products,321.70,117.85,9821.66,371.90,640.00,13.50,1.11,1.03,0.00,25.38,-19.38,339.16,-4.13,16.71,12.62,-8.44
Cams Services,543232,CAMS,Miscellaneous,4266.50,55.01,21026.57,4911.15,4911.15,13.13,1.18,0.99,1.09,106.95,41.32,331.40,26.83,48.39,-3.42,-4.23
Can Fin Homes,511196,CANFINHOME,Finance - Housing,847.15,14.71,11280.15,951.75,951.75,10.99,1.04,0.98,0.71,199.64,8.83,931.08,13.00,9.26,-4.34,-4.20
Canara Bank,532483,CANBK,Banks - Public Sector,107.62,6.25,97618.35,129.35,164.22,16.80,1.02,0.98,2.99,4098.24,8.79,29172.97,14.63,6.63,-0.54,-4.85
Caplin Point Lab,524742,CAPLIPOINT,Pharmaceuticals - Indian - Formulations,1969.25,31.36,14968.60,2158.80,2158.80,8.78,1.31,1.08,0.25,124.92,19.86,458.96,16.10,26.46,-7.09,2.97
Capri Global,531595,CGCL,Finance & Investments,202.97,57.43,16743.81,289.40,289.40,29.87,0.96,0.97,0.07,75.72,19.04,717.63,43.15,9.50,-5.55,-1.52
Carborundum Uni.,513375,CARBORUNIV,Abrasives And Grinding Wheels,1469.10,72.67,27958.32,1841.15,1841.15,20.21,1.02,0.95,0.27,114.84,-0.24,1197.54,-0.47,20.13,-4.78,-2.04
Castrol India,500870,CASTROLIND,Chemicals,228.47,25.54,22598.48,284.40,284.40,19.67,1.05,0.91,3.28,232.17,3.06,1397.54,4.78,56.72,-14.67,-6.46
CCL Products,519600,CCL,Tea,666.50,34.12,8899.64,855.00,855.00,22.05,1.04,0.96,0.68,71.47,17.72,773.29,18.07,12.39,-14.90,-4.59
CEAT,500878,CEATLTD,Tyres,3054.90,18.20,12357.10,3263.00,3263.00,6.38,1.17,1.06,0.98,154.18,3.24,3192.82,8.78,20.42,5.66,-6.01
Cello World,544012,CELLO,Trading,892.75,58.65,19719.51,1025.00,1025.00,12.90,1.02,0.99,0.17,89.12,6.65,500.66,6.12,36.28,-1.58,1.39
Central Bank,532885,CENTRALBK,Banks - Public Sector,57.91,16.14,50271.32,76.90,212.13,24.69,1.00,0.96,0.00,944.70,90.40,8367.01,15.26,5.29,-4.01,-2.97
Century Plyboard,532548,CENTURYPLY,Miscellaneous,866.75,69.19,19256.84,935.00,935.00,7.30,1.19,1.07,0.12,34.11,-53.55,1005.38,12.84,18.01,6.63,-1.07
Century Textiles,500040,CENTURYTEX,Paper,2751.55,268.79,30733.62,2936.45,2936.45,6.30,1.37,1.09,0.18,17.35,-71.52,1149.24,28.48,8.31,16.08,0.13
Cera Sanitary.,532443,CERA,Ceramics - Tiles / Sanitaryware,7982.10,44.95,10381.42,11499.65,11499.65,30.59,0.97,0.92,0.75,46.97,-16.68,398.01,-6.77,24.62,-13.26,-1.74
CESC,500084,CESC,Power Generation And Supply,194.30,18.31,25755.83,212.70,212.70,8.65,1.26,1.03,2.32,388.00,8.93,4863.00,12.83,11.60,0.30,-2.80
CG Power & Ind,500093,CGPOWER,Electric Equipment,718.75,122.14,109860.08,814.40,814.40,11.74,1.17,1.00,0.18,241.24,22.70,2227.52,18.86,46.63,4.55,-5.64
Chalet Hotels,542399,CHALET,Hotels,862.10,75.22,18814.98,959.00,959.00,10.10,1.10,1.01,0.00,60.65,-31.59,361.01,16.17,10.06,-4.20,-3.17
Chambal Fert.,500085,CHAMBLFERT,Fertilizers,498.25,14.41,19962.50,575.00,575.00,13.35,1.14,0.99,1.51,448.32,32.40,4933.23,-11.74,20.21,-3.01,-5.14
Chemplast Sanmar,543336,CHEMPLASTS,Chemicals,505.15,,7986.91,633.90,826.35,20.31,1.01,0.99,0.00,23.89,137.35,1144.89,14.90,-2.06,0.49,-0.75
Chola Financial,504973,CHOLAHLDNG,Finance & Investments,2001.30,19.28,37579.90,2154.95,2154.95,7.13,1.45,1.13,0.03,1159.56,47.63,7632.71,35.68,10.72,9.86,-0.06
Cholaman.Inv.&Fn,511243,CHOLAFIN,Finance & Investments,1497.40,34.41,125845.13,1652.00,1652.00,9.36,1.13,1.00,0.13,947.15,33.41,5812.31,41.77,10.41,-2.36,-6.94
CIE Automotive,532756,CIEINDIA,Castings & Forgings,551.95,25.84,20938.91,628.45,628.45,12.17,1.04,0.98,0.91,216.83,1.31,2292.69,-1.19,18.32,-3.84,1.41
Cipla,500087,CIPLA,Pharmaceuticals - Indian - Bulk Drugs & Formln,1623.30,29.57,131092.35,1684.95,1684.95,3.66,1.10,1.01,0.80,1175.46,18.05,6693.94,5.77,22.80,-0.27,-2.94
City Union Bank,532210,CUB,Banks - Private Sector,158.39,11.14,11731.50,176.82,249.35,10.42,1.02,0.96,0.95,264.49,16.38,1388.64,9.67,6.57,-7.41,-3.33
Clean Science,543318,CLEAN,Chemicals,1578.60,66.83,16774.87,1690.00,2705.00,6.59,1.08,1.03,0.32,65.93,11.86,224.01,19.08,29.57,5.09,2.69
Coal India,533278,COALINDIA,Mining / Minerals / Metals,497.20,8.39,306410.85,544.70,544.70,8.72,1.10,0.99,5.13,10943.55,4.24,36464.61,1.34,63.59,0.04,-3.66
Cochin Shipyard,540678,COCHINSHIP,Miscellaneous,1645.50,48.94,43289.94,2979.45,2979.45,44.77,1.03,0.85,0.59,180.85,65.30,709.84,59.82,21.62,-13.95,-4.73
Coforge,532541,COFORGE,Computers - Software - Medium / Small,7125.55,61.95,47522.98,7247.45,7247.45,1.68,1.21,1.09,1.07,139.30,-19.42,2400.80,8.10,28.60,8.77,2.74
Colgate-Palmoliv,500830,COLPAL,Personal Care - Multinational,3740.05,71.94,101723.99,3893.00,3893.00,3.93,1.26,1.06,1.28,363.98,26.48,1496.71,13.07,96.80,2.21,-0.64
Concord Biotech,543960,CONCORDBIO,Pharmaceuticals - Indian - Bulk Drugs & Formln,1921.25,63.91,20099.39,2664.00,2664.00,27.88,1.21,1.02,0.46,58.24,20.16,215.80,10.76,27.87,3.64,-6.18
Container Corpn.,531344,CONCOR,Miscellaneous,881.05,42.17,53681.88,1193.95,1193.95,26.21,0.94,0.92,1.31,259.42,5.29,2103.13,9.38,13.93,-8.25,-3.31
Coromandel Inter,506395,COROMANDEL,Fertilizers,1619.90,32.85,47711.16,1792.00,1792.00,9.60,1.14,0.97,0.37,309.24,-37.40,4728.83,-16.94,25.98,-5.83,-2.24
Craftsman Auto,543276,CRAFTSMAN,Auto Ancillaries,6417.10,54.06,15308.37,7121.25,7121.25,9.89,1.25,1.07,0.18,59.49,-28.58,1151.19,10.94,19.99,0.86,0.32
CreditAcc. Gram.,541770,CREDITACC,Finance & Investments,1150.15,12.25,18340.61,1796.00,1796.00,35.96,0.86,0.93,0.87,397.66,14.83,1512.03,29.23,14.76,-2.47,-4.50
CRISIL,500092,CRISIL,Miscellaneous,4399.00,49.50,32169.73,5268.50,5268.50,16.50,1.01,0.97,1.23,150.11,-0.31,797.35,3.41,41.36,-4.15,-3.53
Crompton Gr. Con,539876,CROMPTON,Electric Equipment,422.05,58.07,27165.24,484.00,512.80,12.80,1.10,0.96,0.71,152.35,28.20,2137.69,13.90,15.82,-9.77,-0.18
Cummins India,500480,CUMMINSIND,Engines,3623.50,56.88,100443.42,4171.90,4171.90,13.15,1.11,0.96,1.05,419.80,32.99,2304.19,4.32,35.23,-5.67,-6.24
Cyient,532175,CYIENT,Computers - Software - Medium / Small,1884.10,29.95,20904.22,2458.95,2458.95,23.38,1.01,0.97,1.59,147.60,-18.22,1675.70,-0.64,21.88,-5.60,-0.93
Dabur India,500096,DABUR,Personal Care - Indian,572.45,54.87,101455.97,672.00,672.00,14.81,0.97,0.91,0.96,494.35,8.27,3349.11,6.98,22.28,-11.22,-9.57
Dalmia BharatLtd,542216,DALBHARAT,Cement - South India,1937.50,39.49,36337.35,2430.70,2548.40,20.29,1.01,1.04,0.46,145.00,71.64,3621.00,-0.17,6.71,1.24,2.26
Data Pattern,543428,DATAPATTNS,Electronics - Components,2330.25,69.15,13045.66,3655.00,3655.00,36.24,0.89,0.86,0.28,32.79,26.95,104.08,16.04,19.71,-16.56,-2.22
Deepak Fertiliz.,500645,DEEPAKFERT,Chemicals,1088.10,26.01,13735.94,1163.85,1163.85,6.51,1.40,1.10,0.78,199.65,77.72,2281.33,-1.37,10.72,1.55,2.10
Deepak Nitrite,506401,DEEPAKNTR,Chemicals,2828.50,47.89,38578.77,3169.00,3169.00,10.74,1.10,0.99,0.27,202.53,35.11,2166.84,22.54,21.65,-5.67,-2.35
Delhivery,543529,DELHIVERY,Miscellaneous,408.15,,30204.66,488.05,708.45,16.37,0.98,0.98,0.00,54.36,166.48,2172.30,12.57,-1.73,-2.37,-5.18
Devyani Intl.,543330,DEVYANI,Hotels,178.45,324.16,21525.82,222.75,227.75,19.89,1.01,0.96,0.00,22.43,1510.69,1221.90,44.33,8.73,-2.47,-8.77
Divi's Lab.,532488,DIVISLAB,Pharmaceuticals - Indian - Bulk Drugs,5425.55,86.04,144031.31,5582.95,5582.95,2.82,1.23,1.06,0.55,430.00,20.79,2118.00,19.12,16.48,5.95,-0.59
Dixon Technolog.,540699,DIXON,Electronics - Consumer,13634.00,188.58,81581.21,14499.00,14499.00,5.97,1.37,1.06,0.04,139.70,98.96,6579.80,101.12,29.16,9.84,-2.88
DLF,532868,DLF,Construction,844.85,73.58,209126.71,967.60,1225.00,12.69,1.05,0.98,0.59,644.67,22.54,1362.35,-4.28,5.74,0.38,-7.57
Doms Industries,544045,DOMS,Printing & Stationery,2567.25,91.45,15579.93,2975.00,2975.00,13.71,1.26,1.01,0.10,54.30,49.78,445.01,17.29,30.67,-2.59,-4.55
Dr Lal Pathlabs,539524,LALPATHLAB,Healthcare,3495.30,76.57,29211.71,3525.00,4245.50,0.84,1.24,1.08,0.69,107.80,28.81,601.90,11.26,25.17,2.67,6.83
Dr Reddy's Labs,500124,DRREDDY,Pharmaceuticals - Indian - Bulk Drugs & Formln,6633.25,19.89,110693.65,7107.45,7107.45,6.67,1.06,0.99,0.60,1392.40,-0.90,7696.10,13.88,26.53,-0.93,-1.73
Easy Trip Plann.,543272,EASEMYTRIP,Travel Agencies,33.32,29.56,5904.44,54.00,73.50,38.30,0.79,0.85,0.30,34.29,30.93,105.90,3.48,43.36,-22.64,-4.28
eClerx Services,532927,ECLERX,Computers - Software - Medium / Small,3021.50,28.63,14813.01,3118.00,3118.00,3.09,1.22,1.10,0.03,112.04,4.98,781.92,14.24,31.76,4.01,0.81
Eicher Motors,505200,EICHERMOT,Automobiles - Motorcycles / Mopeds,4706.80,30.83,128994.89,5105.00,5105.00,7.80,1.05,0.97,1.08,1101.46,19.94,4393.05,10.20,31.14,-1.94,-7.03
EID Parry,500125,EIDPARRY,Sugar,847.10,17.05,15041.71,879.95,879.95,3.73,1.21,1.04,0.47,225.87,-16.10,6746.79,-3.98,20.29,1.09,0.40
EIH,500840,EIHOTEL,Hotels,391.15,38.48,24461.12,566.00,566.00,30.89,1.03,1.01,0.31,96.75,-9.72,526.54,5.71,23.62,-0.38,2.99
Elecon Engg.Co,505700,ELECON,Engineering,675.80,42.60,15164.95,719.80,719.80,6.11,1.21,1.06,0.22,73.36,0.55,392.36,-5.30,31.32,7.75,-2.80
Elgi Equipments,522074,ELGIEQUIP,Compressors / Drilling Equipment,680.40,66.50,21562.49,799.00,799.00,14.84,1.06,0.98,0.29,72.84,20.44,801.06,10.66,22.28,-3.86,2.19
Emami,531162,EMAMILTD,Personal Care - Indian,742.85,43.83,32425.40,860.00,860.00,13.62,1.14,0.97,1.08,150.60,10.13,906.07,9.74,31.72,-11.08,-1.17
Endurance Tech.,540153,ENDURANCE,Auto Ancillaries,2270.55,44.31,31938.20,3061.30,3061.30,25.83,1.02,0.92,0.37,203.86,24.69,2825.50,15.33,16.60,-9.48,-4.08
Engineers India,532178,ENGINERSIN,Engineering - Turnkey Services,202.23,28.56,11366.18,304.00,304.00,33.48,0.94,0.91,1.48,91.60,-34.07,623.83,-23.76,22.21,-6.82,-4.56
Equitas Sma. Fin,543243,EQUITASBNK,Banks - Private Sector,75.24,13.52,8566.05,116.50,116.50,35.42,0.84,0.91,1.33,25.76,-86.53,1500.95,19.70,8.97,-11.32,-3.88
ERIS Lifescience,540596,ERIS,Pharmaceuticals - Indian - Formulations,1350.60,48.64,18382.45,1522.05,1522.05,11.26,1.28,1.06,0.00,89.42,-11.18,719.72,54.24,11.27,-7.48,6.55
Escorts Kubota,500495,ESCORTS,Automobiles - Tractors,4015.65,42.17,44372.23,4422.00,4422.00,9.19,1.12,1.01,0.45,293.13,1.11,2309.95,-1.92,16.08,7.25,-7.22
Exide Inds.,500086,EXIDEIND,Auto Ancillaries,502.40,48.84,42704.00,620.35,620.35,19.01,1.15,1.02,0.40,220.75,-1.01,4435.71,4.48,10.15,1.36,1.03
F A C T,590024,FACT,Fertilizers,911.15,279.57,58957.96,1187.00,1187.00,23.24,1.09,0.94,0.11,-48.67,-145.93,599.58,-51.36,16.94,-9.61,-5.17
Federal Bank,500469,FEDERALBNK,Banks - Private Sector,193.67,11.79,47494.66,206.59,206.59,6.25,1.12,1.02,0.62,1047.43,16.75,6727.60,25.75,6.93,2.12,-0.02
Fine Organic,541557,FINEORG,Chemicals,5141.70,44.69,15764.44,5958.85,7328.75,13.71,1.05,0.98,0.19,99.00,-13.33,508.33,-4.47,29.04,-3.80,-2.71
Finolex Cables,500144,FINCABLES,Cables - Power,1365.15,28.40,20878.51,1700.00,1700.00,19.70,1.06,0.95,0.59,243.92,52.04,1230.48,2.18,18.52,-4.16,-5.42
Finolex Inds.,500940,FINPIPE,Plastics Products,271.65,32.20,16855.26,355.90,355.90,23.67,0.98,0.91,0.92,505.20,61.44,1140.49,-3.28,10.42,-11.40,-3.34
Firstsour.Solu.,532809,FSL,Computers - Software - Medium / Small,303.95,40.89,21425.95,345.00,345.00,11.90,1.28,1.02,1.15,135.25,7.35,1791.10,17.13,15.42,-4.91,-4.81
Five-Star Bus.Fi,543663,FIVESTAR,Finance & Investments,799.10,25.86,23372.60,862.75,876.55,7.38,1.08,1.04,0.00,251.57,36.94,666.14,38.67,15.80,5.32,-0.31
Fortis Health.,532843,FORTIS,Healthcare,581.40,68.37,43893.27,628.50,628.50,7.49,1.23,1.05,0.17,173.98,49.66,1858.90,12.16,10.34,3.61,-2.56
FSN E-Commerce,543384,NYKAA,Trading,192.27,1423.20,54949.57,229.90,429.00,16.37,1.07,0.97,0.00,13.64,192.12,1746.11,22.81,6.87,-10.74,-3.87
G M D C,532181,GMDCLTD,Mining / Minerals / Metals,334.10,18.24,10624.38,506.00,506.00,33.97,0.90,0.90,2.86,184.05,-15.84,818.13,6.86,13.78,-8.26,-7.14
G N F C,500670,GNFC,Chemicals,645.75,18.42,9488.69,814.90,912.00,20.76,0.96,0.96,2.56,115.00,35.29,2021.00,22.34,7.71,-8.43,-4.37
G R Infraproject,543317,GRINFRA,Construction,1682.25,17.03,16270.96,1860.00,2277.00,9.56,1.12,1.02,0.00,156.07,-39.83,2030.30,-18.07,16.89,4.69,-1.69
G S F C,500690,GSFC,Fertilizers,213.72,15.81,8516.26,322.45,322.45,33.72,0.95,0.94,1.87,87.32,-22.36,2162.53,4.83,5.77,-10.55,-2.28
GAIL (India),532155,GAIL,Miscellaneous,230.19,13.41,151352.22,246.35,246.35,6.56,1.15,1.02,2.39,3183.35,77.63,34737.77,5.94,14.66,0.91,-2.87
Garden Reach Sh.,542011,GRSE,Miscellaneous,1659.65,51.69,19011.62,2834.60,2834.60,41.45,1.12,0.91,0.56,87.19,13.71,1009.72,33.58,27.37,-12.71,-2.27
GE Shipping Co,500620,GESHIP,Shipping,1233.45,6.18,17609.62,1543.70,1543.70,20.10,1.09,0.98,2.33,811.94,41.01,1508.23,17.49,18.51,-7.40,1.96
GE T&D India,522275,GET&D,Electric Equipment,1660.95,148.00,42528.62,1889.90,1889.90,12.11,1.33,1.02,0.12,134.54,376.42,958.34,33.55,23.14,1.96,-2.49
General Insuranc,540755,GICRE,Finance & Investments,384.55,9.49,67465.45,467.80,467.80,17.80,1.08,0.97,2.60,1400.66,43.27,12886.47,15.41,15.78,-3.28,-4.17
Gillette India,507815,GILLETTE,Personal Care - Multinational,8527.95,67.51,27792.59,9560.00,9560.00,10.80,1.15,1.01,0.53,115.97,26.40,645.33,4.18,58.25,-6.43,0.44
Gland Pharma,543245,GLAND,Pharmaceuticals - Indian - Formulations,1749.05,39.90,28815.90,2220.95,4350.00,21.25,0.95,0.93,1.14,143.76,-25.94,1401.71,15.97,13.58,-7.55,-1.96
Glaxosmi. Pharma,500660,GLAXO,Pharmaceuticals - Multinational,2751.35,60.51,46609.53,3088.00,3088.00,10.90,1.15,1.00,1.16,182.33,51.89,814.65,6.96,51.33,-2.22,2.00
Glenmark Pharma.,532296,GLENMARK,Pharmaceuticals - Indian - Bulk Drugs & Formln,1662.70,,46919.42,1773.95,1773.95,6.27,1.33,1.04,0.15,340.24,91.12,3244.18,6.85,12.34,-2.73,-1.36
Global Health,543654,MEDANTA,Healthcare,967.10,53.85,25971.22,1513.90,1513.90,36.12,0.86,0.87,0.00,106.27,4.18,861.08,10.45,19.32,-15.40,-6.32
GMR Airports Inf,532754,GMRINFRA,Miscellaneous,89.94,,94967.43,103.75,122.57,13.31,1.05,0.96,0.00,-337.57,-2938.68,2402.20,19.06,6.41,-6.09,-5.42
Go Digit General,544179,GODIGIT,Finance & Investments,377.65,191.44,34780.87,407.55,407.55,7.34,1.13,1.04,0.00,101.34,73.35,2105.44,23.78,6.62,-3.70,-0.17
Godawari Power,532734,GPIL,Steel - Large,206.85,13.96,13837.75,244.79,244.79,15.50,1.15,1.03,0.48,286.89,31.75,1342.48,1.27,29.19,10.90,-2.02
Godfrey Phillips,500163,GODFRYPHLP,Cigarettes,6627.40,38.40,34458.45,8480.00,8480.00,21.85,1.55,1.08,0.84,228.55,5.68,1170.44,11.85,22.17,3.36,-5.30
Godrej Agrovet,540743,GODREJAGRO,Food - Processing - Indian,739.90,37.87,14225.42,877.85,877.85,15.71,1.12,0.95,1.35,131.63,24.98,2350.75,-6.35,13.71,-7.30,-4.44
Godrej Consumer,532424,GODREJCP,Personal Care - Indian,1343.25,78.32,137404.28,1541.85,1541.85,12.88,1.02,0.94,1.12,450.69,24.59,3331.58,-3.40,19.02,-7.85,-3.27
Godrej Industrie,500164,GODREJIND,Chemicals,1113.35,76.38,37492.29,1314.00,1314.00,15.27,1.25,1.02,0.00,640.86,81.11,4247.93,-5.72,5.59,-8.03,-9.82
Godrej Propert.,533150,GODREJPROP,Construction,2897.45,71.99,80567.11,3402.70,3402.70,14.85,1.08,0.96,0.00,518.80,315.24,739.00,-21.05,5.74,0.97,-9.21
Granules India,532482,GRANULES,Pharmaceuticals - Indian - Bulk Drugs & Formln,569.75,28.06,13808.96,724.55,724.55,21.36,1.13,0.96,0.26,134.65,181.11,1179.86,19.72,15.40,-18.40,2.45
Graphite India,509488,GRAPHITE,Electrodes - Graphites,576.40,37.57,11261.45,709.45,1127.00,18.75,1.05,1.04,1.91,236.00,886.67,728.00,-2.54,1.44,12.94,-2.10
Grasim Inds,500300,GRASIM,Textiles - Manmade,2745.10,33.95,184746.22,2877.75,2877.75,4.61,1.12,1.02,0.36,2267.74,-24.21,33860.75,9.00,9.30,0.13,-1.37
Grindwell Norton,506076,GRINDWELL,Abrasives And Grinding Wheels,2441.15,71.12,27028.41,2960.00,2960.00,17.53,1.03,1.00,0.70,93.37,-3.82,705.60,5.57,24.59,0.04,1.71
Guj Pipavav Port,533248,GPPL,Miscellaneous,214.29,25.17,10359.64,250.69,262.00,14.52,1.07,0.96,3.41,109.68,53.87,245.98,14.45,22.69,-7.81,-2.38
Guj. Ambuja Exp,524226,GAEL,Miscellaneous,126.82,16.54,5816.86,210.61,210.61,39.78,0.86,0.94,0.28,76.74,8.28,1090.44,-6.24,16.51,-12.73,-0.36
Guj.St.Petronet,532702,GSPL,Miscellaneous,428.35,14.47,24167.99,469.70,469.70,8.80,1.25,1.10,1.17,526.55,11.92,4727.01,15.06,21.46,-6.96,2.32
Gujarat Fluoroch,542812,FLUOROCHEM,Chemicals,4065.30,130.64,44657.32,4531.50,4531.50,10.29,1.18,1.07,0.07,108.00,-46.27,1176.00,-2.73,9.76,15.35,-5.45
Gujarat Gas,539336,GUJGASLTD,Miscellaneous,616.45,34.90,42435.81,689.95,786.65,10.65,1.06,0.99,0.92,329.78,53.32,4450.30,17.69,20.51,-9.07,0.93
H P C L,500104,HINDPETRO,Refineries,406.90,8.76,86581.10,457.20,457.20,11.00,1.19,1.01,5.16,633.94,-90.63,113888.28,1.61,21.26,-9.28,-7.09
H U D C O,540530,HUDCO,Finance - Housing,224.33,20.15,44908.62,353.95,353.95,36.62,0.99,0.86,1.85,557.75,25.15,2188.35,18.76,9.23,-14.38,-5.92
Happiest Minds,543227,HAPPSTMNDS,Computers - Software - Medium / Small,800.60,52.77,12191.12,961.00,1580.80,16.69,0.97,1.00,0.72,43.84,-23.68,372.40,4.30,21.81,-0.12,0.21
Havells India,517354,HAVELLS,Electric Equipment,1934.45,87.17,121274.36,2106.00,2106.00,8.15,1.13,1.00,0.47,407.51,41.95,5806.21,20.12,24.40,2.93,-4.77
HBL Power System,517271,HBLPOWER,Auto Ancillaries,622.95,52.70,17267.86,724.00,724.00,13.96,1.20,1.02,0.08,79.99,54.72,520.11,11.27,35.94,-0.49,2.17
HCL Technologies,532281,HCLTECH,Computers - Software - Large,1776.60,29.35,482109.74,1828.60,1828.60,2.84,1.15,1.04,2.93,4259.00,20.56,28057.00,6.70,29.60,-0.78,-1.76
HDFC AMC,541729,HDFCAMC,Finance & Investments,4219.45,43.49,90134.33,4546.20,4546.20,7.19,1.10,0.98,1.66,603.98,26.49,775.24,34.93,37.72,-6.53,-4.55
HDFC Bank,500180,HDFCBANK,Banks - Private Sector,1657.65,18.56,1264915.97,1794.00,1794.00,7.60,1.04,0.99,1.18,17188.05,33.18,81546.20,59.37,7.67,0.74,-5.42
HDFC Life Insur.,540777,HDFCLIFE,Finance & Investments,708.80,93.23,152549.44,761.20,775.65,6.88,1.09,1.01,0.28,478.97,14.94,26933.85,15.24,6.61,-5.73,-2.93
HEG,509631,HEG,Electrodes - Graphites,2355.45,46.48,9090.98,2744.60,4955.00,14.18,1.15,1.08,0.96,23.04,-83.44,571.46,-14.89,8.54,19.25,-3.99
Hero Motocorp,500182,HEROMOTOCO,Automobiles - Motorcycles / Mopeds,5520.85,27.16,110406.02,6246.25,6246.25,11.61,1.11,0.98,2.08,1032.21,26.70,10210.79,15.36,29.09,-3.72,-7.33
HFCL,500183,HFCL,Engineering - Turnkey Services,139.83,54.28,20172.89,171.00,171.00,18.23,1.21,0.97,0.14,110.65,62.51,1158.24,16.38,13.30,-11.27,-7.40
Himadri Special,500184,HSCL,Chemicals,634.65,70.06,31327.73,688.70,688.70,7.85,1.54,1.15,0.08,122.78,42.42,1200.41,26.24,19.11,17.99,-3.39
Hind. Unilever,500696,HINDUNILVR,Personal Care - Multinational,2848.75,64.76,669339.81,3035.00,3035.00,6.14,1.09,1.01,1.47,2612.00,2.49,15707.00,1.36,27.24,0.36,-3.96
Hind.Aeronautics,541154,HAL,Engineering,4256.65,34.65,284674.11,5675.00,5675.00,24.99,1.05,0.92,0.82,1435.59,76.32,4347.57,11.04,38.88,-11.18,-4.86
Hindalco Inds.,500440,HINDALCO,Aluminium and Aluminium Products,747.90,15.33,168069.32,772.65,772.65,3.20,1.19,1.08,0.47,3074.00,33.31,57013.00,7.59,11.29,11.64,0.10
Hindustan Copper,513599,HINDCOPPER,Mining / Minerals / Metals,330.35,88.36,31945.64,415.80,658.00,20.55,1.11,1.01,0.28,113.41,139.82,493.60,33.07,17.99,4.71,-4.11
Hindustan Zinc,500188,HINDZINC,Mining / Minerals / Metals,517.25,26.73,218554.63,807.70,807.70,35.96,1.05,0.97,5.61,2358.00,19.70,8130.00,11.65,46.25,4.35,-1.11
Hitachi Energy,543187,POWERINDIA,Electric Equipment,14015.50,345.77,59400.04,14849.95,14849.95,5.62,1.43,1.12,0.03,10.42,332.37,1327.24,27.61,17.85,19.13,2.69
Home First Finan,543259,HOMEFIRST,Finance - Housing,1247.85,34.30,11127.24,1369.80,1369.80,8.90,1.24,1.10,0.27,87.77,26.98,336.42,31.90,11.25,5.90,3.49
Honasa Consumer,544014,HONASA,Trading,427.20,108.28,13876.48,547.00,547.00,21.90,0.97,0.90,0.00,34.79,26.01,498.40,16.96,17.10,-18.49,-6.51
Honeywell Auto,517174,HONAUT,Electronics - Components,48223.00,79.76,42629.13,59994.00,59994.00,19.62,1.01,0.95,0.21,136.50,32.01,960.40,3.01,19.85,-3.02,-1.26
I D F C,532659,IDFC,Finance & Investments,109.21,20.15,17473.43,129.70,137.00,15.80,0.96,0.98,0.92,85.82,-67.51,11.89,-55.55,8.49,-3.89,-2.40
I O B,532388,IOB,Banks - Public Sector,55.64,37.72,105173.02,83.80,228.90,33.60,0.96,0.92,0.00,632.81,26.47,6535.03,20.48,5.41,-6.80,-4.66
I O C L,530965,IOC,Refineries,168.65,7.73,238154.69,196.80,196.80,14.30,1.06,0.98,7.12,3722.63,-75.56,193844.91,-2.37,21.14,-7.00,-6.31
I R C T C,542830,IRCTC,Travel Agencies,872.75,58.69,69820.00,1148.30,1279.26,24.00,0.94,0.93,0.74,307.68,13.18,1120.15,11.81,53.77,-7.67,-5.64
I R F C,543257,IRFC,Finance - Term-Lending Institutions,152.07,30.84,198732.77,229.05,229.05,33.61,1.00,0.90,0.99,1576.83,1.30,6765.63,1.29,5.73,-12.34,-3.02
ICICI Bank,532174,ICICIBANK,Banks - Private Sector,1239.75,19.28,873581.01,1362.35,1362.35,9.00,1.09,1.00,0.81,12462.81,9.96,44581.65,20.15,7.60,0.31,-5.12
ICICI Lombard,540716,ICICIGI,Finance & Investments,2126.60,49.89,105201.25,2301.90,2301.90,7.62,1.18,1.01,0.28,580.37,48.68,5601.35,18.78,22.52,-5.71,-4.98
ICICI Pru Life,540133,ICICIPRULI,Finance & Investments,755.75,125.64,109161.28,796.80,796.80,5.15,1.18,1.03,0.08,224.34,8.80,25396.07,8.61,8.75,-0.30,-4.27
ICICI Securities,541179,ISEC,Finance & Investments,868.85,14.42,28153.67,922.45,922.45,5.81,1.14,1.04,3.34,526.91,94.55,1640.69,75.60,19.74,4.16,-2.41
IDBI Bank,500116,IDBI,Banks - Private Sector,83.81,14.32,90115.88,107.98,202.25,22.38,0.99,0.92,1.79,1739.15,41.09,6669.84,-2.82,6.23,-9.39,-5.45
IDFC First Bank,539437,IDFCFIRSTB,Banks - Private Sector,71.83,18.84,53748.46,93.35,100.74,23.05,0.93,0.97,0.00,642.64,-12.15,8788.69,27.95,6.93,-4.28,-3.18
IFCI,500106,IFCI,Finance - Term-Lending Institutions,61.50,101.78,16073.58,91.40,121.20,32.71,1.09,0.89,0.00,-87.97,31.75,387.80,21.24,10.24,-15.37,-8.67
IIFL Finance,532636,IIFL,Finance & Investments,461.00,12.03,19557.57,684.04,684.04,32.61,0.97,0.98,0.87,338.16,-32.28,2613.40,13.56,11.81,-1.68,-3.52
Indegene,544172,INDGN,Miscellaneous,686.00,49.00,16413.85,736.60,736.60,6.87,1.16,1.08,0.00,87.70,28.22,676.50,11.36,29.02,12.68,1.30
India Cements,530005,INDIACEM,Cement - South India,363.10,,11252.37,385.50,385.50,5.81,1.26,1.03,0.00,58.39,-84.57,1026.76,-28.54,-0.78,-0.37,1.09
Indiamart Inter.,542726,INDIAMART,Miscellaneous,2840.90,46.70,17039.48,3198.95,4975.98,11.19,1.02,0.97,0.70,114.00,35.02,331.30,17.44,23.93,-6.21,-2.65
Indian Bank,532814,INDIANB,Banks - Public Sector,523.35,7.71,70493.36,632.70,632.70,17.28,1.02,0.97,2.29,2571.37,38.96,15040.63,15.25,5.92,-5.02,-2.98
Indian Energy Ex,540750,IEX,Miscellaneous,207.95,51.40,18542.75,244.40,318.71,14.91,1.19,1.02,1.20,93.42,26.00,123.56,18.76,50.01,-0.66,0.82
Indian Hotels Co,500850,INDHOTEL,Hotels,661.45,73.27,94152.92,720.60,720.60,8.21,1.14,1.00,0.26,260.19,11.67,1550.23,5.72,15.11,-1.34,-6.88
Indian Renewable,544026,IREDA,Finance - Term-Lending Institutions,221.66,44.42,59576.99,310.00,310.00,28.50,1.18,0.95,0.00,383.69,30.25,1510.27,32.11,9.30,-5.81,-4.54
Indraprastha Gas,532514,IGL,Miscellaneous,549.35,22.47,38454.54,570.60,604.00,3.72,1.12,1.02,1.64,401.45,-8.43,3520.60,3.33,28.76,-1.20,-0.03
Indus Towers,534816,INDUSTOWER,Transmisson Line Towers / Equipment,372.20,15.17,100305.55,460.70,505.00,19.21,1.10,0.91,0.00,1925.90,42.88,7383.00,4.34,22.08,-16.00,-5.15
IndusInd Bank,532187,INDUSINDBK,Banks - Private Sector,1382.85,12.00,107723.06,1694.50,2038.00,18.39,0.96,0.97,1.19,2152.16,1.34,12546.77,16.94,7.93,-2.81,-5.46
Info Edg.(India),532777,NAUKRI,Miscellaneous,8198.65,165.34,106241.48,8308.90,8308.90,1.33,1.28,1.08,0.27,258.86,56.83,676.71,8.11,3.65,9.68,0.34
Infosys,500209,INFY,Computers - Software - Large,1918.15,29.88,796444.04,1975.75,1975.75,2.92,1.15,1.03,1.98,6374.00,7.12,39315.00,3.64,39.99,-0.78,0.60
Inox India,544046,INOXINDIA,Packaging,1142.25,54.12,10367.46,1507.20,1507.20,24.21,0.97,0.96,0.00,52.64,-7.79,296.41,-3.92,43.06,-3.04,-2.00
Inox Wind,539083,INOXWIND,Electric Equipment,222.25,388.90,28976.82,262.10,262.10,15.20,1.39,1.02,0.00,50.38,173.80,638.81,83.18,4.26,-0.10,-6.69
Intellect Design,538835,INTELLECT,Computers - Software - Medium / Small,887.55,40.59,12264.17,1199.00,1199.00,25.98,0.94,0.91,0.39,74.75,-20.34,606.34,-5.17,20.32,-10.17,-10.17
Interglobe Aviat,539448,INDIGO,Transport - Airlines,4609.35,22.81,178046.38,5035.00,5035.00,8.45,1.16,0.99,0.00,2726.70,-11.68,19570.70,17.31,24.53,-4.54,-6.80
Ipca Labs.,524494,IPCALAB,Pharmaceuticals - Indian - Bulk Drugs & Formln,1491.40,71.38,37837.45,1527.95,1527.95,2.39,1.19,1.06,0.27,199.14,18.07,2092.63,32.01,12.77,3.27,0.90
IRB Infra.Devl.,532947,IRB,Construction,59.69,58.90,36046.79,78.15,78.15,23.62,1.01,0.95,0.50,139.98,4.64,1852.94,13.38,8.96,-3.54,-5.12
Ircon Intl.,541956,IRCON,Construction,217.36,21.16,20443.05,351.65,351.65,38.19,0.93,0.87,1.43,224.03,19.57,2287.13,-17.25,18.15,-13.92,-4.39
ITC,500875,ITC,Cigarettes,503.55,30.79,629820.13,528.55,528.55,4.73,1.09,1.01,2.73,5176.99,-0.22,18457.33,7.53,37.47,-1.50,-3.66
ITI,523610,ITI,Telecommunications - Equipment,249.40,,23964.52,384.35,384.35,35.11,0.89,0.87,0.00,-91.08,37.03,519.98,231.11,-8.44,-16.14,-5.62
J & K Bank,532209,J&KBANK,Banks - Private Sector,101.73,6.03,11202.33,152.50,199.51,33.29,0.90,0.93,2.11,418.50,26.34,2994.36,12.69,5.90,-6.36,-5.17
J B Chemicals &,506943,JBCHEPHARM,Pharmaceuticals - Indian - Bulk Drugs & Formln,1715.15,45.37,26638.75,2030.00,2030.00,15.51,0.98,0.91,0.71,176.83,24.25,1004.40,12.07,24.55,-11.30,-6.68
J K Cements,532644,JKCEMENT,Cement - North India,4565.55,41.12,35277.21,4895.95,4895.95,6.75,1.09,1.01,0.33,184.82,50.38,2807.57,1.63,15.80,-2.87,-1.52
JBM Auto,532605,JBMA,Auto Ancillaries,1780.80,115.67,21057.45,2428.35,2428.35,26.67,0.97,0.93,0.08,33.54,10.67,1144.50,20.95,14.45,-8.33,-1.80
Jindal Saw,500378,JINDALSAW,Steel - Large,726.15,13.16,23218.95,760.00,760.00,4.45,1.30,1.07,0.55,416.43,70.47,4939.08,11.99,21.38,1.74,-2.60
Jindal Stain.,532508,JSL,Steel - Large,778.50,25.38,64104.38,848.00,848.00,8.20,1.14,1.03,0.39,646.07,-12.41,9429.76,-7.41,22.23,8.18,-0.12
Jindal Steel,532286,JINDALSTEL,Steel - Sponge Iron,1021.10,18.64,104161.20,1097.10,1097.10,6.93,1.12,1.03,0.20,1337.92,-20.69,13617.84,8.18,13.16,7.43,-0.68
Jio Financial,543940,JIOFIN,Finance & Investments,338.80,135.78,215249.27,394.70,394.70,14.16,1.05,0.99,0.00,312.63,-5.81,417.82,0.89,1.55,-1.90,-5.67
JK Lakshmi Cem.,500380,JKLAKSHMI,Cement - North India,779.95,20.16,9177.68,999.90,999.90,22.00,0.96,0.98,0.83,67.60,-13.85,1563.88,-9.62,17.04,-1.75,1.34
JK Tyre & Indust,530007,JKTYRE,Tyres,405.10,12.20,10561.91,554.35,554.35,26.92,1.00,0.96,1.11,218.30,40.18,3639.08,-2.12,19.31,-3.54,-6.53
JM Financial,523405,JMFINANCIL,Finance & Investments,143.57,20.57,13721.76,157.70,191.60,8.96,1.46,1.20,1.39,186.98,2.89,1077.05,0.98,10.13,14.40,0.48
JP Power Ven.,532627,JPPOWER,Power Generation And Supply,19.43,8.44,13316.27,24.00,144.00,19.04,1.14,1.07,0.00,348.54,81.86,1754.70,2.75,13.97,8.37,10.59
JSW Energy,533148,JSWENERGY,Power Generation And Supply,699.50,62.74,122256.40,804.95,804.95,13.10,1.14,0.97,0.29,534.16,79.99,2879.46,-1.65,8.59,-2.09,-5.51
JSW Infrast,543994,JSWINFRA,Miscellaneous,330.95,61.69,69499.55,361.00,361.00,8.32,1.18,1.01,0.17,296.55,-8.87,1009.77,14.99,16.41,7.07,-6.17
JSW Steel,500228,JSWSTEEL,Steel - Large,1033.75,36.30,252798.80,1063.35,1063.35,2.78,1.16,1.08,0.71,867.00,-63.86,42943.00,1.73,13.30,11.70,3.22
Jubilant Food.,533155,JUBLFOOD,Hotels,629.15,152.54,41514.16,715.45,918.00,12.06,1.11,0.98,0.19,58.02,102.19,1933.06,44.85,11.20,-2.47,-8.59
Jubilant Ingrev.,543271,JUBLINGREA,Chemicals,794.40,72.70,12653.29,837.00,877.95,5.09,1.37,1.13,0.63,48.74,-15.37,1024.34,-4.71,9.97,7.62,6.83
Jubilant Pharmo,530019,JUBLPHARMA,Pharmaceuticals - Indian - Bulk Drugs,1111.95,75.66,17713.36,1247.15,1247.15,10.84,1.46,1.11,0.45,481.80,1676.33,1731.70,9.12,6.74,18.58,-4.94
Jupiter Wagons,533272,JWL,Engineering,491.25,58.18,20853.47,748.10,748.10,34.33,1.01,0.90,0.20,89.23,40.30,894.93,18.82,31.67,-10.83,-5.32
Just Dial,535648,JUSTDIAL,Miscellaneous,1193.90,53.75,10152.96,1384.00,1894.70,13.74,1.15,1.00,0.00,141.22,186.50,280.57,13.60,4.81,-5.45,2.50
Jyothy Labs,532926,JYOTHYLAB,Personal Care - Indian,539.60,52.88,19814.58,595.85,595.85,9.44,1.14,1.01,0.65,101.69,5.65,741.81,7.96,26.99,-2.61,-0.67
Jyoti CNC Auto.,544081,JYOTICNC,Engineering,1135.60,119.92,25826.17,1450.00,1450.00,21.68,1.21,0.98,0.00,50.92,474.96,361.84,73.85,21.22,-2.35,-4.23
K E C Intl.,532714,KEC,Transmisson Line Towers / Equipment,1032.25,70.09,27478.50,1068.00,1068.00,3.35,1.28,1.10,0.39,87.58,106.90,4511.89,6.32,16.05,4.51,0.70
K P R Mill Ltd,532889,KPRMILL,Textiles - Products,942.35,39.97,32210.84,1053.50,1053.50,10.55,1.13,1.05,0.53,203.31,0.23,1609.66,-0.07,20.62,11.19,-3.11
Kajaria Ceramics,500233,KAJARIACER,Ceramics - Tiles / Sanitaryware,1455.45,57.32,23179.25,1578.70,1578.70,7.81,1.08,1.01,0.82,92.32,-16.46,1113.69,4.65,21.15,-0.68,-1.36
Kalpataru Proj.,522287,KPIL,Transmisson Line Towers / Equipment,1347.90,45.71,21896.12,1449.15,1449.15,6.99,1.19,1.02,0.59,84.00,-25.66,4587.00,8.16,15.99,-3.63,-4.24
Kalyan Jewellers,543278,KALYANKJIL,Diamond Cutting / Jewellery,712.95,116.65,73521.71,786.25,786.25,9.32,1.48,1.11,0.17,177.56,23.69,5535.48,26.50,14.04,10.03,0.88
Kansai Nerolac,500165,KANSAINER,Paints / Varnishes,292.10,35.42,23613.27,357.30,453.33,18.25,0.99,0.98,0.86,224.87,-0.67,2133.06,-1.10,16.56,-5.85,-5.58
Karur Vysya Bank,590003,KARURVYSYA,Banks - Private Sector,208.69,9.85,16791.80,232.75,232.75,10.34,1.07,0.97,1.15,458.65,27.89,2284.53,21.33,6.89,-4.97,-3.92
Kaynes Tech,543664,KAYNES,Electronics - Components,5048.50,154.22,32315.84,5811.05,5811.05,13.12,1.36,1.03,0.00,50.78,106.00,503.98,69.59,14.53,5.88,-9.08
KEI Industries,517569,KEI,Cables - Power,4285.40,63.44,38692.64,5040.40,5040.40,14.98,1.10,0.98,0.08,150.25,23.77,2060.50,15.59,27.21,-4.46,2.03
KFin Technolog.,543720,KFINTECH,Miscellaneous,1015.65,64.30,17408.97,1189.00,1189.00,14.58,1.32,1.03,0.57,68.07,56.92,237.56,30.89,30.26,1.16,-2.76
Kirl. Brothers,500241,KIRLOSBROS,Pumps,1772.25,40.38,14073.25,2684.70,2684.70,33.99,1.13,0.98,0.34,65.60,8.28,1030.90,14.61,27.30,5.09,1.31
Kirloskar Oil,533293,KIRLOSENG,Engines,1154.45,35.22,16751.88,1450.00,1450.00,20.38,1.08,0.92,0.52,156.45,20.26,1635.55,5.97,14.97,-12.87,-6.42
KNR Construct.,532942,KNRCON,Construction,325.80,11.67,9162.62,415.40,415.40,21.57,1.04,0.95,0.08,165.98,24.56,985.00,0.41,25.80,-8.26,-3.21
Kotak Mah. Bank,500247,KOTAKBANK,Banks - Private Sector,1809.00,19.29,359658.89,1953.00,2253.00,7.37,1.01,0.99,0.11,7448.16,10.35,15836.79,23.06,7.86,1.75,-3.39
KPIT Technologi.,542651,KPITTECH,Computers - Software - Medium / Small,1691.25,69.98,46364.57,1928.75,1928.75,12.31,1.07,0.98,0.40,204.16,52.56,1364.63,24.33,38.36,-1.84,1.21
Krishna Institu.,543308,KIMS,Healthcare,549.75,69.62,21997.64,580.10,580.10,5.23,1.25,1.08,0.00,95.20,7.18,688.40,13.60,16.87,2.59,0.85
KSB,500249,KSB,Pumps,867.80,69.38,15103.12,1060.00,1060.00,18.13,1.03,0.95,0.40,68.10,8.44,646.00,9.25,23.29,-2.57,-2.54
L&T Finance Ltd,533519,LTF,Finance & Investments,174.96,17.64,43612.16,194.25,198.90,9.93,1.06,0.99,1.43,685.25,29.17,3784.40,17.41,8.22,2.59,-6.89
L&T Technology,540115,LTTS,Computers - Software - Large,5071.60,42.22,53676.56,6000.00,6000.00,15.47,1.00,0.95,0.99,312.60,4.34,2246.40,9.92,33.40,-10.63,-5.32
Larsen & Toubro,500510,LT,Engineering - Turnkey Services,3493.95,36.15,480416.34,3948.60,3948.60,11.51,1.00,0.96,0.80,3444.68,11.74,55119.82,15.12,13.44,-3.59,-5.71
Latent View,543398,LATENTVIEW,Computers - Software - Medium / Small,460.30,57.45,9482.08,575.00,755.00,19.95,0.96,0.95,0.00,39.26,19.48,178.88,21.13,15.19,-3.18,-3.17
Laurus Labs,540222,LAURUSLABS,Pharmaceuticals - Indian - Bulk Drugs & Formln,445.15,162.58,24000.68,518.00,723.75,14.06,1.02,0.96,0.18,12.68,-49.66,1194.91,1.11,6.60,-8.97,-4.17
Lemon Tree Hotel,541233,LEMONTREE,Hotels,117.99,64.54,9347.72,158.05,158.05,25.35,0.90,0.91,0.00,20.12,-15.56,268.02,19.53,11.36,-10.04,-3.26
LIC Housing Fin.,500253,LICHSGFIN,Finance - Housing,634.85,7.35,34920.75,827.00,827.00,23.23,0.98,0.93,1.42,1306.40,-0.96,6796.85,0.56,8.79,-10.26,-4.39
Life Insurance,543526,LICI,Finance & Investments,971.15,14.70,614252.15,1222.00,1222.00,20.53,1.00,0.93,1.03,10527.00,9.27,212082.84,11.53,72.95,-9.18,-5.18
Linde India,523457,LINDEINDIA,Chemicals,7996.30,155.08,68192.45,9935.05,9935.05,19.51,1.09,1.00,0.05,111.54,13.65,653.23,-9.40,17.36,7.49,-5.07
Lloyds Metals,512455,LLOYDSME,Mining / Minerals / Metals,972.65,36.39,50851.28,998.95,998.95,2.63,1.40,1.20,0.10,557.48,38.25,2417.24,22.98,78.27,24.82,3.16
LTIMindtree,540005,LTIM,Computers - Software - Large,6114.10,39.67,181089.80,6575.00,7595.25,7.01,1.11,1.02,1.06,1135.10,-1.54,9142.60,5.06,31.17,-0.57,-0.36
Lupin,500257,LUPIN,Pharmaceuticals - Indian - Bulk Drugs & Formln,2198.25,44.30,100271.70,2312.00,2312.00,4.92,1.26,1.04,0.36,805.54,77.18,5600.33,16.33,15.72,-4.01,-0.91
M & M,500520,M&M,Automobiles - Passenger Cars,3017.45,33.98,375228.61,3222.10,3222.10,6.35,1.25,1.06,0.70,3545.78,-6.50,37217.72,9.81,13.58,10.81,-5.22
M & M Fin. Serv.,532720,M&MFIN,Finance & Investments,300.45,17.93,37123.23,343.00,346.55,12.41,1.02,0.95,2.10,497.01,38.56,4315.52,20.44,8.74,-8.71,-9.91
M R P L,500109,MRPL,Refineries,179.39,11.82,31439.89,289.25,289.25,37.98,0.94,0.91,1.67,73.22,-92.78,23247.02,10.40,25.75,-11.15,-0.21
Macrotech Devel.,543287,LODHA,Construction,1173.25,60.58,116766.59,1649.95,1649.95,28.89,0.98,0.91,0.19,475.90,166.42,2846.50,75.99,11.06,-2.85,-9.78
Mah. Seamless,500265,MAHSEAMLES,Steel - Medium / Small,632.95,9.71,8481.00,1099.05,1099.05,42.41,0.89,0.97,1.58,128.84,-37.62,1150.98,-5.88,22.92,-7.12,-0.62
Mahanagar Gas,539957,MGL,Miscellaneous,1910.35,15.66,18870.01,1988.55,1988.55,3.93,1.23,1.05,1.57,284.53,-22.77,1589.63,3.37,36.60,1.79,-1.86
Mahindra Life.,532313,MAHLIFE,Construction,519.70,69.92,8058.45,679.15,679.15,23.48,0.91,0.92,0.51,12.74,397.89,188.14,91.90,2.01,-6.48,-4.23
Manappuram Fin.,531213,MANAPPURAM,Finance & Investments,189.30,7.13,16023.01,230.40,230.40,17.84,1.00,0.92,1.88,556.52,11.84,2488.22,22.56,13.75,-9.96,-6.58
Mankind Pharma,543904,MANKIND,Pharmaceuticals - Indian - Bulk Drugs & Formln,2611.65,55.81,104634.23,2780.00,2780.00,6.06,1.19,1.08,0.00,513.49,27.51,2403.26,14.86,24.57,5.60,0.76
Marico,531642,MARICO,Solvent Extraction,690.20,58.87,89363.14,719.85,719.85,4.12,1.13,1.03,1.38,474.00,8.67,2643.00,6.70,43.08,7.19,-0.32
Maruti Suzuki,532500,MARUTI,Automobiles - Passenger Cars,12605.75,26.95,396328.02,13680.00,13680.00,7.85,1.06,1.00,0.99,3759.70,47.85,35779.40,9.97,21.82,2.50,-6.59
Mastek,523704,MASTEK,Computers - Software - Medium / Small,2660.00,27.00,8209.28,3147.00,3669.00,15.48,1.00,0.97,0.71,71.50,2.01,812.89,12.08,18.01,-3.49,0.70
Max Financial,500271,MFSL,Finance & Investments,1160.80,105.51,40060.92,1212.85,1212.85,4.29,1.14,1.04,0.00,155.94,45.18,11798.84,28.69,9.77,3.90,-1.86
Max Healthcare,543220,MAXHEALTH,Healthcare,926.35,85.45,90053.45,1118.00,1118.00,17.14,1.12,1.00,0.16,236.27,-1.59,1542.95,20.07,16.00,4.61,-6.88
Mazagon Dock,543237,MAZDOCK,Miscellaneous,4075.35,35.45,82195.73,5860.00,5860.00,30.45,1.18,0.94,0.67,696.10,121.45,2357.02,8.48,44.19,-11.00,-2.87
Metro Brands,543426,METROBRAND,Leather / Leather Products,1255.25,82.97,34135.89,1441.20,1441.20,12.90,1.04,0.99,0.40,92.27,-1.18,576.08,-1.11,19.66,-1.34,-1.61
Metropolis Healt,542650,METROPOLIS,Healthcare,2234.85,83.61,11451.74,2299.00,3579.90,2.79,1.17,1.05,0.18,38.11,31.77,313.36,13.09,15.79,4.19,2.37
Minda Corp,538962,MINDACORP,Auto Ancillaries,596.55,57.93,14262.28,652.90,652.90,8.63,1.28,1.08,0.23,64.20,42.00,1192.39,10.97,15.20,1.88,-1.11
MMTC,513377,MMTC,Trading,85.76,53.19,12864.00,131.88,1897.72,34.97,1.06,0.92,0.00,32.69,374.16,0.65,-99.70,9.23,-12.62,-4.42
Motherson Wiring,543498,MSUMI,Auto Ancillaries,67.46,44.91,29824.79,80.00,80.00,15.68,0.98,0.95,1.19,148.87,20.90,2184.84,17.54,47.96,-3.59,-6.87
Motil.Oswal.Fin.,532892,MOTILALOFS,Finance & Investments,727.25,15.57,43531.31,828.85,828.85,12.26,1.31,1.03,0.48,883.58,67.36,2312.34,54.00,20.69,-6.23,-3.12
Mphasis,526299,MPHASIS,Computers - Software - Large,2846.60,34.46,53864.55,3187.80,3659.75,10.70,1.07,0.97,1.93,404.51,2.14,3422.46,5.24,23.95,-7.81,-7.66
MRF,500290,MRF,Tyres,133408.75,27.41,56565.31,151445.00,151445.00,11.91,1.03,0.98,0.15,571.02,-3.01,7196.45,11.74,16.12,-1.92,-5.37
Multi Comm. Exc.,534091,MCX,Miscellaneous,5805.15,169.79,29606.27,6037.05,6037.05,3.84,1.44,1.13,0.13,110.92,464.19,234.37,60.78,7.15,7.59,1.79
Muthoot Finance,533398,MUTHOOTFIN,Finance & Investments,1930.35,18.66,77496.58,2078.75,2078.75,7.14,1.14,1.00,1.24,1078.68,10.62,3703.79,23.51,13.15,-2.96,-6.19
Narayana Hrudaya,539551,NH,Healthcare,1218.70,30.87,24905.45,1445.05,1445.05,15.66,1.00,0.97,0.33,201.50,9.48,1340.95,8.72,26.54,-6.07,1.20
Natco Pharma,524816,NATCOPHARM,Pharmaceuticals - Indian - Bulk Drugs & Formln,1353.95,14.82,24250.58,1639.00,1639.00,17.39,1.16,0.95,0.70,668.50,59.05,1362.60,19.47,30.10,-12.97,-4.19
Natl. Aluminium,532234,NATIONALUM,Aluminium and Aluminium Products,220.35,20.28,40470.18,227.39,227.39,3.10,1.32,1.17,2.27,601.22,72.08,2856.10,-10.15,16.95,24.99,6.43
Navin Fluo.Intl.,532504,NAVINFLUOR,Chemicals,3419.35,77.68,16958.32,3979.45,4950.00,14.07,0.98,1.01,0.35,51.20,-16.79,523.68,6.62,10.43,2.12,-0.29
NBCC,534309,NBCC,Miscellaneous,169.01,54.81,30421.80,209.75,209.75,19.42,1.17,0.96,0.25,107.19,39.23,2144.16,11.80,31.99,-7.34,-4.73
NCC,500294,NCC,Construction,300.50,24.59,18866.79,364.50,364.50,17.56,1.10,0.96,0.73,222.53,20.96,5527.98,26.20,22.10,-7.81,-0.63
Nestle India,500790,NESTLEIND,Food - Processing - MNC,2598.15,77.38,250502.49,2778.00,2778.00,6.47,1.04,1.01,0.60,746.60,6.91,4813.95,3.34,169.08,3.72,-5.37
Netweb Technol.,543945,NETWEB,Computers - Hardware,2513.65,164.27,14168.64,2925.00,2925.00,14.06,1.22,0.99,0.08,15.44,203.34,149.32,149.70,38.43,-4.85,-1.35
Netwrk.18 Media,532798,NETWORK18,Entertainment / Electronic Media Software,78.35,,8202.84,136.20,581.26,42.47,0.90,0.89,0.00,-197.61,-451.08,3140.92,-3.03,-0.28,-14.85,-4.38
New India Assura,540769,NIACL,Finance & Investments,219.64,33.02,36196.67,324.70,382.42,32.36,0.94,0.89,0.94,242.88,-8.04,10417.91,5.23,0.56,-16.94,-5.92
Newgen Software,540900,NEWGEN,Computers - Software - Medium / Small,1294.30,71.90,18157.97,1548.00,1548.00,16.39,1.40,1.12,0.31,42.39,55.96,282.77,26.46,26.58,19.55,-8.51
NHPC Ltd,533098,NHPC,Power Generation And Supply,93.17,25.88,93589.59,118.45,118.45,21.34,1.04,0.96,2.04,1108.46,-0.80,2694.20,-2.29,7.67,-5.13,-2.28
Nippon Life Ind.,540767,NAM-INDIA,Finance & Investments,659.25,34.67,41745.55,740.35,740.35,10.95,1.14,0.99,2.50,332.33,40.99,504.96,42.58,36.24,-6.84,0.22
NLC India,513683,NLCINDIA,Power Generation And Supply,276.35,19.08,38319.70,311.80,311.80,11.37,1.16,1.02,1.09,566.69,38.23,3376.05,1.80,6.54,-1.58,-4.51
NMDC,526371,NMDC,Mining / Minerals / Metals,236.56,11.38,69326.41,286.35,442.68,17.39,1.07,1.04,3.06,1969.02,19.18,5414.19,0.36,30.91,11.22,0.59
NMDC Steel,543768,NSLNISP,Steel - Medium / Small,51.69,,15148.30,73.70,73.70,29.86,0.94,0.96,0.00,-547.25,,2022.91,,-8.69,-5.59,-2.18
NTPC,532555,NTPC,Power Generation And Supply,430.45,19.49,417392.99,448.45,448.45,4.01,1.20,1.05,1.80,5506.07,12.33,48520.57,12.64,10.47,6.75,-1.48
Nuvama Wealth,543988,NUVAMA,Finance & Investments,5895.90,29.14,21058.16,7100.00,7100.00,16.96,1.15,0.93,1.38,220.77,79.52,949.43,46.58,16.54,-11.12,-13.84
Nuvoco Vistas,543334,NUVOCO,Cement - North India,353.10,92.90,12611.18,398.55,577.90,11.40,1.02,1.01,0.00,2.84,-80.36,2636.48,-6.02,5.42,0.77,-0.84
O N G C,500312,ONGC,Oil Drilling / Allied Services,295.25,8.15,371432.74,345.00,345.00,14.42,1.07,0.97,4.15,10235.64,-32.15,166576.75,1.68,18.43,-5.19,-0.66
Oberoi Realty,533273,OBEROIRLTY,Construction,1808.40,30.03,65753.83,1970.00,1970.00,8.20,1.12,1.00,0.44,584.51,81.73,1405.16,54.42,15.24,1.01,-4.66
Oil India,533106,OIL,Oil Drilling / Allied Services,572.75,11.89,93163.96,767.90,767.90,25.41,1.22,0.96,1.83,2016.30,34.27,8120.21,30.80,17.67,-12.54,-2.39
Olectra Greentec,532439,OLECTRA,Automobiles - LCVs / HCVs,1643.35,162.99,13488.74,2222.00,2222.00,26.04,1.02,0.99,0.02,24.26,32.74,313.94,45.33,14.79,5.20,0.43
One 97,543396,PAYTM,Miscellaneous,695.15,,44255.98,998.30,1961.05,30.37,1.26,1.15,0.00,-840.10,-134.99,1501.60,-35.87,-8.50,10.95,3.40
Oracle Fin.Serv.,532466,OFSS,Computers - Software - Medium / Small,10951.20,40.68,94995.40,12619.00,12619.00,13.22,1.24,1.00,2.19,616.70,23.09,1741.40,19.08,39.54,-2.80,-3.88
P & G Hygiene,500459,PGHH,Personal Care - Multinational,16754.25,80.57,54385.53,19250.00,19250.00,12.96,1.02,1.01,0.63,81.06,-46.40,931.75,9.29,111.80,3.81,2.08
P I Industries,523642,PIIND,Pesticides / Agrochemicals - Indian,4587.25,39.83,69596.89,4804.05,4804.05,4.51,1.15,1.03,0.33,448.80,17.21,2068.90,8.30,24.00,1.71,-1.41
Page Industries,532827,PAGEIND,Textiles - Products,41389.55,80.11,46149.35,44100.00,54349.10,6.15,1.05,1.00,0.89,165.22,4.33,1277.52,3.94,45.02,0.82,-1.53
Patanjali Foods,500368,PATANJALI,Solvent Extraction,1632.10,62.83,59081.18,2030.00,2030.00,19.60,1.03,0.93,0.37,262.90,199.60,7173.06,-7.65,11.14,-15.56,-4.08
PB Fintech.,543390,POLICYBZR,Computers - Software - Medium / Small,1713.55,763.40,78156.72,1966.50,1966.50,12.86,1.28,1.03,0.00,59.98,320.86,1010.49,51.82,1.75,-0.42,4.43
PCBL Ltd,506590,PCBL,Chemicals,541.70,40.95,20447.15,584.50,584.50,7.32,1.62,1.17,1.02,117.92,8.02,2143.56,59.07,14.16,10.28,-5.31
Persistent Sys,533179,PERSISTENT,Computers - Software - Large,5141.30,68.42,80127.16,5587.95,5587.95,7.99,1.21,1.02,0.51,306.42,33.94,2737.17,17.92,29.17,-2.34,-5.44
Petronet LNG,532522,PETRONET,Miscellaneous,357.85,13.81,53677.50,384.90,384.90,7.03,1.16,1.03,2.79,1141.58,44.53,13415.13,15.09,26.41,-2.55,5.45
Pfizer,500680,PFIZER,Pharmaceuticals - Multinational,5616.40,42.64,25693.76,6452.85,6452.85,12.96,1.13,0.99,0.62,150.71,61.14,562.86,5.93,21.98,-8.64,-3.66
Phoenix Mills,503100,PHOENIXLTD,Construction,1672.30,54.77,59783.03,2068.50,2068.50,19.15,1.07,0.95,0.15,314.71,-3.18,904.14,11.54,12.44,-6.91,-10.02
Pidilite Inds.,500331,PIDILITIND,Chemicals,3208.80,86.92,163203.90,3415.00,3415.00,6.04,1.07,1.00,0.50,571.27,21.10,3395.35,3.67,29.74,-0.01,-4.60
Piramal Enterp.,500302,PEL,Finance & Investments,1032.45,,23279.45,1143.80,1850.48,9.74,1.08,1.00,0.97,181.48,-79.25,2122.80,-26.24,3.91,-4.30,-5.60
Piramal Pharma,543635,PPLPHARMA,Pharmaceuticals - Indian - Bulk Drugs & Formln,229.23,755.03,30390.12,244.10,244.10,6.09,1.41,1.12,0.05,-88.64,10.08,1951.14,11.57,5.49,4.39,2.75
PNB Housing,540173,PNBHOUSING,Finance - Housing,944.85,15.22,24551.25,1202.20,1422.64,21.41,1.16,1.00,0.00,438.71,24.39,1812.53,6.69,9.27,-8.98,-2.79
PNC Infratech,539150,PNCINFRA,Construction,425.45,8.37,10914.46,574.80,574.80,25.98,0.96,0.93,0.14,575.17,218.44,2167.51,3.62,15.84,-5.58,-1.87
Poly Medicure,531768,POLYMED,Healthcare,2347.55,88.20,23778.47,2686.60,2686.60,12.62,1.25,1.04,0.13,74.04,18.09,384.78,19.93,23.62,-8.67,3.19
Polycab India,542652,POLYCAB,Cables - Power,7184.95,60.69,108053.39,7430.00,7430.00,3.30,1.19,1.07,0.42,401.62,-0.92,4698.03,20.79,31.33,8.06,1.84
Poonawalla Fin,524000,POONAWALLA,Finance & Investments,394.95,25.18,30716.89,519.95,519.95,24.04,0.96,1.00,0.51,291.64,45.94,977.59,40.97,10.80,1.24,-0.21
Power Fin.Corpn.,532810,PFC,Finance - Term-Lending Institutions,463.35,7.38,152910.22,580.35,580.35,20.16,1.04,0.92,2.91,7182.06,21.13,24716.76,17.65,9.85,-17.00,-6.18
Power Grid Corpn,532898,POWERGRID,Power Generation And Supply,338.85,20.07,315150.96,366.25,366.25,7.48,1.12,1.00,3.32,3723.92,3.52,11006.18,-0.38,13.21,2.29,-4.35
Praj Industries,522205,PRAJIND,Engineering,761.25,48.80,13992.77,826.70,826.70,7.92,1.21,1.04,0.79,84.18,5.80,699.14,-5.10,29.29,0.69,-5.03
Prestige Estates,533274,PRESTIGE,Construction,1750.80,56.29,75412.25,2074.80,2074.80,15.62,1.16,0.97,0.10,307.00,-12.85,1862.10,10.78,14.86,-1.76,-6.30
PTC Industries,539006,PTCIL,Castings & Forgings,13975.30,583.78,20922.68,15702.10,15702.10,11.00,1.30,1.02,0.00,4.90,-56.56,46.87,-34.46,10.91,-2.21,3.37
Punjab Natl.Bank,532461,PNB,Banks - Public Sector,105.85,10.36,121652.80,142.90,279.98,25.93,0.96,0.94,1.42,3991.38,196.25,29144.54,13.52,5.46,-6.66,-3.09
PVR Inox,532689,PVRINOX,Entertainment / Electronic Media Software,1599.50,,15706.02,1830.40,2214.85,12.61,1.06,1.02,0.00,-179.00,-119.00,1190.70,-8.75,4.69,1.22,-5.06
Quess Corp,539978,QUESS,Diversified - Large,745.75,32.27,11083.76,875.00,1260.37,14.77,1.17,0.98,1.34,111.68,86.70,5003.11,8.76,11.74,-9.38,-5.02
R C F,524230,RCF,Fertilizers,174.46,61.23,9624.78,245.00,245.00,28.79,1.01,0.91,0.71,10.80,-78.00,4396.06,8.73,6.16,-12.38,-4.60
R R Kabel,543981,RRKABEL,Cables - Power,1735.75,68.32,19623.80,1903.30,1903.30,8.80,1.08,1.03,0.35,63.89,-13.29,1808.11,13.20,21.71,9.87,1.74
Radico Khaitan,532497,RADICO,Breweries & Distilleries,2030.55,101.03,27161.23,2332.70,2332.70,12.95,1.18,1.04,0.15,76.31,20.65,1136.54,19.14,13.16,1.56,-1.69
Rail Vikas,542649,RVNL,Construction,493.40,76.36,102874.89,647.00,647.00,23.74,1.23,0.92,0.43,217.80,-34.71,4064.27,-25.37,18.70,-15.20,-6.26
Railtel Corpn.,543265,RAILTEL,Telecommunications - Service Provider,431.90,51.90,13861.33,618.00,618.00,30.11,1.05,0.92,0.66,48.67,23.53,558.11,19.35,20.25,-12.32,-7.77
Rainbow Child.,543524,RAINBOW,Healthcare,1379.15,64.98,14005.50,1649.00,1649.00,16.36,1.12,1.06,0.22,39.73,-3.59,330.22,14.99,19.08,7.64,-1.52
Rajesh Exports,531500,RAJESHEXPO,Diamond Cutting / Jewellery,281.45,218.51,8310.09,496.00,1029.70,43.26,0.85,0.96,0.00,11.86,-96.17,60355.50,-29.56,3.23,-5.12,-2.29
Ramkrishna Forg.,532527,RKFORGE,Castings & Forgings,959.30,50.49,17357.57,1038.95,1038.95,7.67,1.18,1.00,0.21,80.90,3.02,1005.02,12.63,18.71,-3.08,-5.83
Ratnamani Metals,520111,RATNAMANI,Steel - Medium / Small,3615.20,42.66,25339.66,3978.50,3978.50,9.13,1.08,0.99,0.39,105.88,-21.46,1183.70,0.75,27.72,-2.72,-0.84
RattanIndia Ent,534597,RTNINDIA,Miscellaneous,73.16,8.82,10112.68,94.85,94.85,22.87,0.98,0.93,0.00,851.24,377.88,2494.04,96.75,2.89,-8.57,-4.83
Raymond,500330,RAYMOND,Construction,1654.15,20.12,11012.29,2380.75,2380.75,30.52,1.06,0.89,0.60,7366.88,26.08,937.65,98.08,30.93,-18.24,-7.76
RBL Bank,540065,RBLBANK,Banks - Private Sector,197.69,9.60,12013.27,300.70,716.55,34.26,0.85,0.90,0.76,371.52,28.95,3496.24,22.42,6.23,-8.46,-4.74
REC Ltd,532955,RECLTD,Finance - Term-Lending Institutions,524.05,9.43,137994.10,654.00,654.00,19.87,1.05,0.92,3.05,3460.19,16.58,13078.66,17.78,10.05,-16.90,-6.45
Redington,532805,REDINGTON,Trading,184.77,12.19,14444.85,237.55,237.55,22.22,0.94,0.94,3.36,217.04,-12.76,21282.33,0.45,19.46,-7.14,-1.16
Reliance Industr,500325,RELIANCE,Refineries,2773.05,27.29,1876210.66,3217.90,3217.90,13.82,0.97,0.94,0.36,17445.00,-5.45,231784.00,11.67,9.61,-7.13,-9.15
RHI Magnesita,534076,RHIM,Refractories / Intermediates,604.65,55.60,12486.11,829.95,893.15,27.15,0.95,0.99,0.41,72.88,55.86,878.76,-5.30,8.58,0.49,-0.67
Rites,541556,RITES,Miscellaneous,317.25,35.76,15247.15,413.08,413.08,23.20,0.98,0.92,3.62,90.44,-26.84,485.76,-10.76,25.36,-4.51,-11.52
Route Mobile,543228,ROUTE,Computers - Software - Medium / Small,1552.20,28.11,9773.07,1942.45,2389.00,20.09,0.98,0.97,0.71,81.16,-14.36,1103.42,14.07,20.72,-3.66,0.96
S A I L,500113,SAIL,Steel - Large,139.01,14.83,57418.43,175.65,293.00,20.86,1.04,1.02,1.44,81.78,77.54,23997.81,-1.48,8.10,5.94,-1.09
S C I,523598,SCI,Shipping,244.25,15.14,11377.17,384.80,384.80,36.53,1.05,0.93,0.20,286.92,94.63,1514.07,26.16,7.43,-8.07,-8.74
Sammaan Capital,535789,SAMMAANCAP,Finance - Housing,157.51,9.14,11406.16,209.43,1283.57,24.79,0.96,0.96,1.27,326.76,10.32,2206.67,16.12,10.08,-5.86,-5.61
Samvardh. Mothe.,517334,MOTHERSON,Auto Ancillaries,200.92,44.40,141373.24,217.00,217.00,7.41,1.27,1.03,0.40,1097.18,65.46,28867.96,28.52,13.68,4.00,-6.59
Sanofi India,500674,SANOFI,Pharmaceuticals - Multinational,6867.40,32.17,15815.62,7600.00,7600.00,9.64,1.15,1.00,2.43,103.40,14.58,463.50,-9.98,71.10,-7.53,1.71
Sapphire Foods,543397,SAPPHIRE,Hotels,350.45,317.69,11208.26,401.00,401.00,12.61,1.14,1.04,0.00,8.19,-67.07,718.29,9.77,7.27,5.54,-5.98
Saregama India,532163,SAREGAMA,Entertainment / Electronic Media Software,608.00,61.46,11734.98,688.90,688.90,11.74,1.28,1.12,0.66,37.09,-14.77,205.28,25.68,19.60,21.22,7.40
SBFC Finance,543959,SBFC,Finance & Investments,90.40,36.22,9734.03,105.81,105.81,14.56,1.05,1.04,0.00,78.72,67.60,297.49,29.58,10.93,7.58,-3.55
SBI Cards,543066,SBICARD,Finance & Investments,743.15,29.35,70693.46,817.40,1165.00,9.08,1.00,0.98,0.34,594.45,0.19,4358.64,11.42,12.54,-3.20,-5.49
SBI Life Insuran,540719,SBILIFE,Finance & Investments,1798.10,88.65,180155.95,1936.00,1936.00,7.12,1.13,1.01,0.15,519.52,36.34,34653.74,24.23,13.23,-5.75,-4.49
Schaeffler India,505790,SCHAEFFLER,Bearings,3870.00,64.56,60489.52,4951.00,4951.00,21.83,1.04,0.98,0.67,253.54,6.85,2071.93,13.27,26.72,-2.23,0.25
Schneider Elect.,534139,SCHNEIDER,Electric Equipment,795.25,100.64,19014.43,980.00,980.00,18.85,1.13,0.98,0.00,48.48,38.83,592.91,19.72,38.51,-3.47,-3.24
Sh.Renuka Sugar,532670,RENUKA,Sugar,50.78,,10808.47,56.50,123.61,10.12,1.08,1.05,0.00,-166.20,-19.75,3033.90,32.83,10.15,4.40,-4.28
Shree Cement,500387,SHREECEM,Cement - North India,26034.20,44.69,93933.34,30737.75,32050.00,15.30,1.00,1.01,0.40,278.45,-51.31,5123.96,1.75,14.76,1.45,-0.81
Shriram Finance,511218,SHRIRAMFIN,Finance & Investments,3336.30,16.59,125441.30,3652.25,3652.25,8.65,1.24,1.03,1.35,2030.64,18.23,9604.98,20.02,11.27,2.80,-7.86
Shyam Metalics,543299,SHYAMMETL,Steel - Large,908.55,23.00,25360.52,956.90,956.90,5.05,1.34,1.10,0.50,278.12,37.76,3611.61,8.36,10.79,9.44,0.92
Siemens,500550,SIEMENS,Electric Equipment,7246.85,106.45,258075.01,7974.25,7974.25,9.12,1.19,1.04,0.14,530.60,25.23,4768.50,6.60,20.66,8.39,-0.66
SignatureGlobal,543990,SIGNATURE,Construction,1536.05,715.15,21583.14,1647.00,1647.00,6.74,1.20,1.03,0.00,6.80,194.29,400.61,141.54,1.94,4.83,-3.29
SJVN,533206,SJVN,Power Generation And Supply,126.67,53.83,49778.72,170.50,170.50,25.71,1.04,0.95,1.42,357.09,31.40,870.37,28.98,4.99,-4.61,-5.36
SKF India,500472,SKFINDIA,Bearings,5314.15,47.23,26272.08,7350.00,7350.00,27.70,1.01,0.98,2.45,159.04,2.92,1206.22,4.93,29.15,-0.08,-1.78
Sobha,532784,SOBHA,Construction,1790.85,421.31,18167.09,2178.32,2178.32,17.79,1.12,0.98,0.17,6.06,-49.71,640.40,-29.46,7.12,4.03,-8.98
Solar Industries,532725,SOLARINDS,Chemicals,10949.90,107.12,99085.71,13300.00,13300.00,17.67,1.19,1.01,0.08,300.54,45.11,1694.78,0.75,32.47,0.64,-6.70
Sona BLW Precis.,543300,SONACOMS,Auto Ancillaries,696.80,79.81,43289.05,768.65,839.90,9.35,1.06,0.98,0.44,154.96,49.36,830.07,23.19,23.76,-5.05,-5.26
Sonata Software,532221,SONATSOFTW,Computers - Software - Medium / Small,602.45,40.87,16894.19,870.00,870.00,30.75,0.94,0.94,1.31,105.63,-12.06,2527.43,25.40,35.51,-10.77,-4.41
SPARC,532872,SPARC,Miscellaneous,210.40,,6827.93,474.00,593.96,55.61,0.84,0.94,0.00,-96.84,-1.56,16.81,-29.81,-109.10,-6.30,-0.97
SRF,503806,SRF,Chemicals,2350.35,56.71,69670.21,2697.45,2865.00,12.87,0.97,0.95,0.31,252.22,-29.80,3464.12,3.77,12.71,-10.24,-4.52
St Bk of India,500112,SBIN,Banks - Public Sector,796.65,9.75,710979.21,912.10,912.10,12.66,1.04,0.99,1.72,20094.36,4.25,118242.45,16.54,6.16,-2.70,-0.75
Star Health Insu,543412,STARHEALTH,Finance & Investments,580.15,38.91,34087.74,647.65,940.00,10.42,1.00,0.97,0.00,318.93,10.80,3815.66,15.86,17.69,-8.90,-5.66
Sterling & Wils.,542760,SWSOLAR,Engineering - Turnkey Services,546.60,,12757.40,828.00,828.00,33.99,0.89,0.81,0.00,4.83,104.40,915.06,77.70,3.77,-24.51,-15.75
Sumitomo Chemi.,542920,SUMICHEM,Pesticides / Agrochemicals - Indian,550.55,62.99,27480.47,628.30,628.30,12.37,1.16,1.02,0.16,128.39,107.82,831.78,14.85,20.83,6.50,-1.71
Sun Pharma.Inds.,524715,SUNPHARMA,Pharmaceuticals - Indian - Bulk Drugs & Formln,1910.05,43.46,458284.98,1960.35,1960.35,2.57,1.21,1.06,0.71,2860.51,25.05,12652.75,5.96,17.32,4.57,-1.98
Sun TV Network,532733,SUNTV,Entertainment / Electronic Media Software,811.85,16.90,31993.76,921.60,1097.80,11.91,1.11,1.00,2.06,559.77,-5.47,1312.40,-2.73,26.20,1.94,-2.78
Sundaram Finance,590071,SUNDARMFIN,Finance & Investments,5332.80,38.66,59247.41,5535.85,5535.85,3.67,1.25,1.12,0.56,434.85,15.89,1951.60,23.38,9.21,8.80,-0.12
Sundram Fasten.,500403,SUNDRMFAST,Auto Ancillaries,1418.45,55.62,29805.66,1505.95,1505.95,5.81,1.11,1.03,0.48,142.69,11.15,1497.67,6.16,18.54,3.00,1.59
Supreme Inds.,509930,SUPREMEIND,Plastics Products,5283.70,59.52,67117.19,6482.40,6482.40,18.49,1.06,0.99,0.57,273.37,26.83,2636.35,11.31,28.56,1.01,0.32
Suven Pharma,543064,SUVENPHAR,Pharmaceuticals - Indian - Bulk Drugs & Formln,1199.85,127.03,30543.98,1289.30,1289.30,6.94,1.44,1.11,0.00,60.77,-49.61,230.69,-33.62,18.78,4.24,3.54
Suzlon Energy,532667,SUZLON,Electric Equipment,74.67,109.44,101062.80,86.04,431.21,13.21,1.35,1.00,0.00,302.29,225.95,2021.59,49.64,24.93,-1.75,-7.92
Swan Energy,503310,SWANENERGY,Diversified - Medium / Small,554.55,47.60,17382.75,782.55,782.55,29.14,0.94,0.89,0.02,267.67,87.71,1141.74,41.95,8.25,-14.23,-4.68
Syngene Intl.,539268,SYNGENE,Miscellaneous,865.70,73.04,34847.63,945.75,945.75,8.46,1.12,1.01,0.14,75.70,-44.55,789.70,-2.28,14.74,-4.52,-2.09
Syrma SGS Tech.,543573,SYRMA,Electronics - Components,416.00,74.63,7387.54,705.20,705.20,41.01,0.88,0.94,0.36,20.35,-31.87,1159.89,92.89,9.84,-4.42,-5.63
Tanla Platforms,532790,TANLA,Computers - Software - Medium / Small,881.30,21.40,11859.42,1248.40,2096.75,29.41,0.94,0.95,1.36,141.22,4.30,1002.20,10.00,38.28,-5.79,-0.97
Tata Chemicals,500770,TATACHEM,Chemicals,1128.65,37.05,28753.49,1349.70,1349.70,16.38,1.06,1.06,1.33,190.00,-73.63,3789.00,-10.17,7.81,4.38,5.76
Tata Comm,500483,TATACOMM,Telecommunications - Service Provider,2082.05,72.10,59338.43,2175.00,2175.00,4.27,1.12,1.05,0.80,332.93,-28.24,5633.37,18.07,17.55,5.31,-2.09
Tata Consumer,500800,TATACONSUM,Tea,1130.40,84.24,111842.18,1254.01,1254.01,9.86,1.02,0.95,0.69,289.25,-5.90,4352.07,16.33,10.65,-4.90,-5.92
Tata Elxsi,500408,TATAELXSI,Computers - Software - Medium / Small,7576.10,59.90,47183.66,9200.00,10760.40,17.65,1.02,1.01,0.92,184.08,-2.53,926.46,8.96,42.74,-1.95,-3.01
Tata Inv.Corpn.,501301,TATAINVEST,Finance & Investments,6631.45,91.10,33552.02,9756.85,9756.85,32.03,1.10,0.99,0.42,131.07,-10.72,142.46,-6.03,1.67,-8.94,-3.07
Tata Motors,500570,TATAMOTORS,Automobiles - LCVs / HCVs,930.75,10.09,342598.29,1179.05,1179.05,21.06,0.99,0.92,0.32,5692.00,51.80,108048.00,5.68,20.11,-12.94,-6.27
Tata Power Co.,500400,TATAPOWER,Power Generation And Supply,466.65,40.61,149110.52,494.85,494.85,5.70,1.16,1.05,0.43,1188.63,18.72,17293.62,13.67,11.13,10.87,-3.88
Tata Steel,500470,TATASTEEL,Steel - Large,166.75,129.03,208162.82,184.60,184.60,9.67,1.09,1.05,2.16,918.57,102.84,54771.39,-7.93,7.02,9.91,0.12
Tata Technolog.,544028,TATATECH,Computers - Software - Medium / Small,1057.45,66.01,42897.42,1400.00,1400.00,24.47,0.97,1.00,0.79,162.03,-15.40,1268.97,0.91,28.29,-1.62,-5.67
Tata Tele. Mah.,532371,TTML,Telecommunications - Service Provider,81.45,,15922.90,111.48,291.05,26.94,0.94,0.92,0.00,-323.40,-7.34,323.50,13.31,47.91,-13.07,-4.23
TBO Tek,544174,TBOTEK,Travel Agencies,1749.10,93.19,18993.09,2001.00,2001.00,12.59,1.10,1.00,0.00,60.92,12.84,418.46,21.45,42.93,-6.43,-5.31
TCS,532540,TCS,Computers - Software - Large,4252.25,32.33,1538501.26,4592.25,4592.25,7.40,1.05,0.98,1.29,12105.00,8.72,62613.00,5.44,64.28,-5.00,-1.31
Tech Mahindra,532755,TECHM,Computers - Software - Large,1616.45,62.84,158145.31,1672.00,1838.00,3.32,1.14,1.02,2.47,864.80,22.96,13005.50,-1.17,11.88,-1.41,0.45
Techno Elec.Engg,542141,TECHNOE,Engineering - Turnkey Services,1530.35,60.03,17797.91,1800.00,1800.00,14.98,1.25,0.97,0.46,98.10,91.41,375.37,37.03,16.53,-3.25,-6.15
Tejas Networks,540595,TEJASNET,Telecommunications - Equipment,1189.75,122.19,20375.73,1495.10,1495.10,20.42,1.07,0.95,0.00,77.48,394.71,1562.77,730.69,3.68,-11.08,-2.00
The Ramco Cement,500260,RAMCOCEM,Cement - South India,868.45,64.39,20520.81,1058.20,1132.70,17.93,1.03,1.04,0.29,36.57,-50.82,2093.55,-6.82,8.10,2.38,0.59
Thermax,500411,THERMAX,Engineering,5193.25,103.99,61880.85,5839.95,5839.95,11.07,1.19,1.07,0.23,109.42,19.63,2184.41,13.01,16.93,21.35,-0.14
Timken India,522113,TIMKEN,Bearings,3648.20,68.89,27441.30,4817.90,4817.90,24.28,1.00,0.95,0.07,96.31,6.84,783.70,9.21,23.36,-4.13,-4.31
Titagarh Rail,532966,TITAGARH,Engineering,1120.15,51.38,15085.48,1896.95,1896.95,40.95,0.92,0.82,0.07,67.01,8.37,903.05,-0.85,24.97,-20.72,-8.70
Titan Company,500114,TITAN,Diamond Cutting / Jewellery,3670.10,94.33,325826.40,3886.95,3886.95,5.58,1.06,1.01,0.30,715.00,-5.05,13266.00,11.51,22.70,-1.42,-3.84
Torrent Pharma.,500420,TORNTPHARM,Pharmaceuticals - Indian - Formulations,3473.55,70.26,117555.44,3574.00,3574.00,2.81,1.22,1.04,0.81,457.00,20.90,2859.00,10.34,23.16,0.90,-0.26
Torrent Power,532779,TORNTPOWER,Power Generation And Supply,1890.70,39.71,90870.22,1969.95,1969.95,4.02,1.32,1.08,0.85,996.34,87.96,9033.73,23.28,14.77,12.99,-0.90
Trent,500251,TRENT,Trading,7353.30,208.67,261400.59,7939.90,7939.90,7.39,1.44,1.07,0.04,391.21,134.72,4104.44,56.16,23.79,2.59,-6.13
Trident,521064,TRIDENT,Textiles - Cotton/Blended,35.59,55.07,18136.91,52.90,70.90,32.72,0.94,0.96,1.01,73.89,-19.28,1742.71,16.67,10.43,-4.81,-0.22
Triven.Engg.Ind.,532356,TRIVENI,Sugar,462.00,28.21,10113.09,518.20,518.20,10.85,1.18,1.02,0.76,30.99,-54.16,1300.68,8.58,14.77,-2.20,-1.73
Triveni Turbine,533655,TRITURBINE,Electric Equipment,671.35,74.04,21340.67,843.95,843.95,20.45,1.14,0.95,0.39,80.41,31.74,463.28,23.08,38.32,-11.34,-3.89
Tube Investments,540762,TIINDIA,Steel - Large,4078.40,92.22,78884.12,4681.70,4681.70,12.89,1.06,1.00,0.09,313.65,3.56,4577.92,17.45,26.28,0.14,-1.65
TV18 Broadcast,532800,TV18BRDCST,Entertainment / Electronic Media Software,42.34,,7258.60,68.70,215.90,38.37,0.91,0.92,0.00,-120.03,-212.99,3069.32,-3.36,0.12,-16.06,-5.36
TVS Motor Co.,532343,TVSMOTOR,Automobiles - Motorcycles / Mopeds,2687.50,74.54,127683.13,2958.15,2958.15,9.15,1.17,0.99,0.30,484.82,6.12,10406.86,14.92,14.68,-2.69,-8.89
TVS Supply,543965,TVSSCS,Miscellaneous,196.68,,8665.69,231.15,258.00,14.91,1.03,1.00,0.00,7.47,116.02,2539.39,10.94,4.74,-4.94,-0.62
UCO Bank,532505,UCOBANK,Banks - Public Sector,46.72,28.19,55858.24,70.66,152.40,33.88,0.94,0.93,0.60,550.96,146.54,6023.99,15.32,5.34,-6.28,-4.28
Ujjivan Small,542904,UJJIVANSFB,Banks - Private Sector,40.44,6.22,7821.84,63.00,63.00,35.81,0.87,0.94,3.71,301.08,-7.09,1577.18,22.56,11.09,-8.01,-1.20
UltraTech Cem.,532538,ULTRACEMCO,Cement - North India,11450.25,46.99,330565.65,12138.25,12138.25,5.67,1.09,0.99,0.61,1695.22,-1.12,18069.56,1.87,15.12,-0.80,-4.20
Union Bank (I),532477,UNIONBANK,Banks - Public Sector,118.86,6.40,90733.04,172.50,426.95,31.10,0.93,0.95,3.03,3641.78,11.31,26526.92,12.34,6.55,-3.35,-3.76
United Breweries,532478,UBL,Breweries & Distilleries,2105.10,124.44,55658.84,2204.90,2204.90,4.53,1.10,1.02,0.48,173.80,27.41,2475.13,8.81,13.49,3.69,-3.48
United Spirits,532432,UNITDSPR,Breweries & Distilleries,1531.35,78.85,111382.87,1648.40,1648.40,7.10,1.19,1.03,0.59,485.00,-0.96,2761.00,3.52,27.87,3.12,-4.09
Uno Minda,532539,UNOMINDA,Auto Ancillaries,1041.10,67.32,59776.20,1255.00,1255.00,17.04,1.16,0.97,0.19,210.80,15.21,3817.51,23.44,19.94,-8.10,-6.70
UPL,512070,UPL,Pesticides / Agrochemicals - Indian,599.30,,44983.92,635.00,864.75,5.62,1.06,1.02,0.17,-527.00,-1489.86,9067.00,1.16,3.29,-3.14,-1.86
Usha Martin,517146,USHAMART,Steel - Medium / Small,348.85,24.89,10630.92,427.80,427.80,18.45,1.02,0.99,0.79,103.84,3.09,826.37,1.47,22.08,2.59,-1.72
UTI AMC,543238,UTIAMC,Finance & Investments,1217.15,19.76,15516.44,1341.00,1341.00,9.24,1.21,1.03,1.97,274.30,8.43,529.22,13.14,22.60,-3.95,-2.54
V I P Inds.,507880,VIPIND,Moulded Luggage,563.80,13569.24,8005.85,697.45,774.60,19.16,1.08,1.12,0.35,4.04,-89.51,638.89,0.43,8.48,9.51,1.54
V-Guard Industri,532953,VGUARD,Electric Equipment,443.90,74.37,19311.67,577.45,577.45,23.13,1.12,0.98,0.32,81.88,54.11,1414.53,23.25,16.10,-4.72,-0.55
Valor Estate,533160,DBREALTY,Construction,183.25,7.87,9867.38,284.95,540.10,35.69,0.93,0.94,0.00,-13.19,41.51,79.45,3169.55,22.73,-4.73,-5.52
Vardhman Textile,502986,VTL,Textiles - Cotton/Blended,468.55,18.47,13549.29,592.25,592.25,20.89,1.02,0.96,0.85,239.77,74.76,2308.59,-0.42,8.73,-4.03,0.62
Varroc Engineer,541578,VARROC,Auto Ancillaries,571.80,16.60,8736.33,717.00,1178.70,20.25,1.03,0.99,0.00,34.07,-37.72,1898.85,5.16,17.48,-2.81,-1.77
Varun Beverages,540180,VBL,Food - Processing - Indian,578.90,77.62,188065.93,682.84,682.84,15.22,1.02,0.93,0.17,1261.83,26.04,7196.86,28.25,28.82,-3.87,-4.87
Vedant Fashions,543463,MANYAVAR,Textiles - Products,1298.90,82.01,31551.37,1487.90,1501.55,12.70,1.13,1.05,0.65,62.49,-32.04,239.82,-23.04,30.74,0.69,-3.84
Vedanta,500295,VEDL,Mining / Minerals / Metals,508.70,31.68,198921.44,523.65,523.65,2.85,1.29,1.10,6.88,5095.00,142.03,35764.00,6.02,20.91,9.00,-0.84
Vijaya Diagnost.,543350,VIJAYA,Healthcare,989.20,80.91,10151.39,995.45,995.45,0.63,1.31,1.12,0.10,31.51,19.66,156.22,29.05,19.51,4.43,12.38
Vinati Organics,524200,VINATIORGA,Chemicals,2028.05,61.84,21023.91,2331.05,2377.00,13.00,1.09,1.02,0.35,86.00,23.88,524.71,19.60,18.54,6.16,-1.67
Vodafone Idea,532822,IDEA,Telecommunications - Service Provider,9.79,,68236.12,19.18,123.24,48.96,0.70,0.73,0.00,-6432.10,17.96,10508.30,-1.38,-3.61,-35.12,-8.16
Voltas,500575,VOLTAS,Air-conditioners,1809.60,132.20,59876.90,1946.20,1946.20,7.02,1.28,1.04,0.30,335.00,158.51,4921.02,46.47,8.51,1.48,-3.06
Welspun Corp,532144,WELCORP,Steel - Large,720.25,15.85,18895.72,795.00,795.00,9.40,1.22,1.05,0.69,247.94,49.91,3137.23,-22.90,20.19,3.13,-2.73
Welspun Living,514162,WELSPUNLIV,Textiles - Products,165.35,23.30,16068.85,213.10,213.10,22.41,1.04,0.94,0.06,185.95,14.80,2536.49,16.14,16.10,-12.75,-0.10
Westlife Food,505533,WESTLIFE,Hotels,898.35,321.15,14008.53,959.50,1024.95,6.37,1.08,1.05,0.38,3.25,-88.73,616.33,0.29,11.47,9.58,-3.45
Whirlpool India,500238,WHIRLPOOL,Domestic Appliances,2362.60,118.90,29974.31,2378.60,2787.00,0.67,1.32,1.13,0.21,134.03,115.24,2383.70,23.97,8.34,5.65,7.32
Wipro,507685,WIPRO,Computers - Software - Large,533.55,24.97,279120.42,580.00,739.85,8.01,1.08,1.01,0.19,3036.60,4.64,21963.80,-3.80,16.93,1.66,-1.52
Yes Bank,532648,YESBANK,Banks - Private Sector,21.95,47.31,68806.41,32.85,404.00,33.18,0.95,0.93,0.00,516.00,48.84,7725.41,19.86,5.83,-6.16,-3.47
Zee Entertainmen,505537,ZEEL,Entertainment / Electronic Media Software,131.77,31.38,12656.76,299.70,619.35,56.03,0.81,0.96,0.00,118.10,101.82,2130.53,7.40,6.62,-2.82,-2.93
Zensar Tech.,504067,ZENSARTECH,Computers - Software - Medium / Small,674.15,22.93,15290.43,839.50,839.50,19.70,1.02,0.92,1.34,157.90,1.09,1288.10,4.96,25.15,-15.58,-0.38
ZF Commercial,533023,ZFCVINDIA,Auto Ancillaries,15481.60,72.61,29353.11,18250.00,18250.00,15.17,1.01,0.97,0.11,99.21,-0.55,938.31,-2.31,20.90,-2.30,-5.12
Zomato Ltd,543320,ZOMATO,Miscellaneous,275.30,404.00,243210.35,298.25,298.25,7.69,1.36,1.06,0.00,253.00,12550.00,4206.00,74.09,1.14,8.02,-1.02
Zydus Lifesci.,532321,ZYDUSLIFE,Pharmaceuticals - Indian - Bulk Drugs & Formln,1057.35,25.52,106394.15,1324.30,1324.30,20.16,1.06,0.95,0.28,1482.50,29.66,6207.50,20.78,22.34,-5.18,-1.73
